{"y":23,"x":18,"start":{"x":2,"y":11},"end":{"x":16,"y":9},"lines":[{"x":2,"y":10},{"x":2,"y":9},{"x":2,"y":8},{"x":3,"y":8},{"x":3,"y":7},{"x":3,"y":6},{"x":3,"y":5},{"x":3,"y":4},{"x":4,"y":4},{"x":5,"y":4},{"x":6,"y":4},{"x":7,"y":4},{"x":8,"y":4},{"x":9,"y":4},{"x":9,"y":3},{"x":9,"y":2},{"x":9,"y":1},{"x":8,"y":1},{"x":7,"y":1},{"x":6,"y":1},{"x":6,"y":2},{"x":6,"y":3},{"x":6,"y":4},{"x":6,"y":5},{"x":6,"y":6},{"x":6,"y":7},{"x":6,"y":8},{"x":6,"y":9},{"x":6,"y":10},{"x":6,"y":11},{"x":6,"y":12},{"x":6,"y":13},{"x":6,"y":14},{"x":6,"y":15},{"x":6,"y":16},{"x":5,"y":16},{"x":4,"y":16},{"x":3,"y":16},{"x":3,"y":17},{"x":3,"y":18},{"x":3,"y":19},{"x":4,"y":19},{"x":4,"y":20},{"x":4,"y":21},{"x":5,"y":21},{"x":6,"y":21},{"x":7,"y":21},{"x":8,"y":21},{"x":9,"y":21},{"x":10,"y":21},{"x":11,"y":21},{"x":12,"y":21},{"x":13,"y":21},{"x":13,"y":20},{"x":13,"y":19},{"x":13,"y":18},{"x":14,"y":18},{"x":15,"y":18},{"x":16,"y":18},{"x":16,"y":17},{"x":16,"y":16},{"x":16,"y":15},{"x":16,"y":14},{"x":16,"y":13},{"x":15,"y":13},{"x":14,"y":13},{"x":13,"y":13},{"x":13,"y":14},{"x":13,"y":15},{"x":12,"y":15},{"x":11,"y":15},{"x":10,"y":15},{"x":10,"y":14},{"x":10,"y":13},{"x":10,"y":12},{"x":10,"y":11},{"x":10,"y":10},{"x":10,"y":9},{"x":10,"y":8},{"x":10,"y":7},{"x":10,"y":6},{"x":10,"y":5},{"x":10,"y":4},{"x":11,"y":4},{"x":12,"y":4},{"x":13,"y":4},{"x":14,"y":4},{"x":14,"y":5},{"x":14,"y":6},{"x":15,"y":6},{"x":15,"y":7},{"x":15,"y":8},{"x":16,"y":8}],"walls":[{"w1":{"x":5,"y":21},"d1":{"x":5,"y":20}},{"w1":{"x":5,"y":20},"d1":{"x":5,"y":19}},{"w1":{"x":5,"y":19},"d1":{"x":5,"y":18}},{"w1":{"x":5,"y":15},"d1":{"x":5,"y":14}},{"w1":{"x":5,"y":14},"d1":{"x":5,"y":13}},{"w1":{"x":5,"y":13},"d1":{"x":5,"y":12}},{"w1":{"x":5,"y":12},"d1":{"x":5,"y":11}},{"w1":{"x":5,"y":11},"d1":{"x":5,"y":10}},{"w1":{"x":5,"y":9},"d1":{"x":5,"y":8}},{"w1":{"x":5,"y":8},"d1":{"x":5,"y":7}},{"w1":{"x":5,"y":3},"d1":{"x":5,"y":2}},{"w1":{"x":4,"y":22},"d1":{"x":4,"y":21}},{"w1":{"x":4,"y":21},"d1":{"x":4,"y":20}},{"w1":{"x":4,"y":19},"d1":{"x":4,"y":18}},{"w1":{"x":4,"y":18},"d1":{"x":4,"y":17}},{"w1":{"x":4,"y":13},"d1":{"x":4,"y":12}},{"w1":{"x":4,"y":12},"d1":{"x":4,"y":11}},{"w1":{"x":4,"y":11},"d1":{"x":4,"y":10}},{"w1":{"x":4,"y":9},"d1":{"x":4,"y":8}},{"w1":{"x":4,"y":8},"d1":{"x":4,"y":7}},{"w1":{"x":4,"y":7},"d1":{"x":4,"y":6}},{"w1":{"x":4,"y":6},"d1":{"x":4,"y":5}},{"w1":{"x":4,"y":4},"d1":{"x":4,"y":3}},{"w1":{"x":4,"y":3},"d1":{"x":4,"y":2}},{"w1":{"x":3,"y":22},"d1":{"x":3,"y":21}},{"w1":{"x":3,"y":21},"d1":{"x":3,"y":20}},{"w1":{"x":3,"y":20},"d1":{"x":3,"y":19}},{"w1":{"x":3,"y":19},"d1":{"x":3,"y":18}},{"w1":{"x":3,"y":18},"d1":{"x":3,"y":17}},{"w1":{"x":3,"y":17},"d1":{"x":3,"y":16}},{"w1":{"x":3,"y":16},"d1":{"x":3,"y":15}},{"w1":{"x":3,"y":13},"d1":{"x":3,"y":12}},{"w1":{"x":3,"y":12},"d1":{"x":3,"y":11}},{"w1":{"x":3,"y":11},"d1":{"x":3,"y":10}},{"w1":{"x":3,"y":10},"d1":{"x":3,"y":9}},{"w1":{"x":3,"y":8},"d1":{"x":3,"y":7}},{"w1":{"x":3,"y":7},"d1":{"x":3,"y":6}},{"w1":{"x":3,"y":6},"d1":{"x":3,"y":5}},{"w1":{"x":3,"y":5},"d1":{"x":3,"y":4}},{"w1":{"x":3,"y":3},"d1":{"x":3,"y":2}},{"w1":{"x":3,"y":2},"d1":{"x":3,"y":1}},{"w1":{"x":3,"y":1},"d1":{"x":3}},{"w1":{"x":2,"y":23},"d1":{"x":2,"y":22}},{"w1":{"x":2,"y":22},"d1":{"x":2,"y":21}},{"w1":{"x":2,"y":21},"d1":{"x":2,"y":20}},{"w1":{"x":2,"y":20},"d1":{"x":2,"y":19}},{"w1":{"x":2,"y":19},"d1":{"x":2,"y":18}},{"w1":{"x":2,"y":12},"d1":{"x":2,"y":11}},{"w1":{"x":2,"y":11},"d1":{"x":2,"y":10}},{"w1":{"x":2,"y":10},"d1":{"x":2,"y":9}},{"w1":{"x":2,"y":9},"d1":{"x":2,"y":8}},{"w1":{"x":2,"y":8},"d1":{"x":2,"y":7}},{"w1":{"x":2,"y":7},"d1":{"x":2,"y":6}},{"w1":{"x":2,"y":3},"d1":{"x":2,"y":2}},{"w1":{"x":2,"y":2},"d1":{"x":2,"y":1}},{"w1":{"x":1,"y":22},"d1":{"x":1,"y":21}},{"w1":{"x":1,"y":20},"d1":{"x":1,"y":19}},{"w1":{"x":1,"y":15},"d1":{"x":1,"y":14}},{"w1":{"x":1,"y":12},"d1":{"x":1,"y":11}},{"w1":{"x":1,"y":11},"d1":{"x":1,"y":10}},{"w1":{"x":1,"y":9},"d1":{"x":1,"y":8}},{"w1":{"x":1,"y":8},"d1":{"x":1,"y":7}},{"w1":{"x":1,"y":7},"d1":{"x":1,"y":6}},{"w1":{"x":1,"y":5},"d1":{"x":1,"y":4}},{"w1":{"x":1,"y":4},"d1":{"x":1,"y":3}},{"w1":{"y":23},"d1":{"y":22}},{"w1":{"y":22},"d1":{"y":21}},{"w1":{"y":21},"d1":{"y":20}},{"w1":{"y":20},"d1":{"y":19}},{"w1":{"y":19},"d1":{"y":18}},{"w1":{"y":18},"d1":{"y":17}},{"w1":{"y":17},"d1":{"y":16}},{"w1":{"y":16},"d1":{"y":15}},{"w1":{"y":15},"d1":{"y":14}},{"w1":{"y":14},"d1":{"y":13}},{"w1":{"y":13},"d1":{"y":12}},{"w1":{"y":12},"d1":{"y":11}},{"w1":{"y":11},"d1":{"y":10}},{"w1":{"y":10},"d1":{"y":9}},{"w1":{"y":9},"d1":{"y":8}},{"w1":{"y":8},"d1":{"y":7}},{"w1":{"y":7},"d1":{"y":6}},{"w1":{"y":6},"d1":{"y":5}},{"w1":{"y":5},"d1":{"y":4}},{"w1":{"y":4},"d1":{"y":3}},{"w1":{"y":3},"d1":{"y":2}},{"w1":{"y":2},"d1":{"y":1}},{"w1":{"y":1},"d1":{}},{"w1":{"x":6,"y":4},"d1":{"x":6,"y":3}},{"w1":{"x":6,"y":3},"d1":{"x":6,"y":2}},{"w1":{"x":6,"y":2},"d1":{"x":6,"y":1}},{"w1":{"x":14,"y":22},"d1":{"x":14,"y":21}},{"w1":{"x":14,"y":21},"d1":{"x":14,"y":20}},{"w1":{"x":14,"y":20},"d1":{"x":14,"y":19}},{"w1":{"x":14,"y":18},"d1":{"x":14,"y":17}},{"w1":{"x":14,"y":16},"d1":{"x":14,"y":15}},{"w1":{"x":14,"y":15},"d1":{"x":14,"y":14}},{"w1":{"x":14,"y":11},"d1":{"x":14,"y":10}},{"w1":{"x":14,"y":9},"d1":{"x":14,"y":8}},{"w1":{"x":14,"y":7},"d1":{"x":14,"y":6}},{"w1":{"x":14,"y":6},"d1":{"x":14,"y":5}},{"w1":{"x":13,"y":21},"d1":{"x":13,"y":20}},{"w1":{"x":13,"y":20},"d1":{"x":13,"y":19}},{"w1":{"x":13,"y":19},"d1":{"x":13,"y":18}},{"w1":{"x":13,"y":18},"d1":{"x":13,"y":17}},{"w1":{"x":13,"y":15},"d1":{"x":13,"y":14}},{"w1":{"x":13,"y":13},"d1":{"x":13,"y":12}},{"w1":{"x":13,"y":11},"d1":{"x":13,"y":10}},{"w1":{"x":13,"y":9},"d1":{"x":13,"y":8}},{"w1":{"x":12,"y":3},"d1":{"x":12,"y":2}},{"w1":{"x":12,"y":2},"d1":{"x":12,"y":1}},{"w1":{"x":10,"y":1},"d1":{"x":10}},{"w1":{"x":17,"y":20},"d1":{"x":17,"y":19}},{"w1":{"x":17,"y":19},"d1":{"x":17,"y":18}},{"w1":{"x":17,"y":18},"d1":{"x":17,"y":17}},{"w1":{"x":17,"y":17},"d1":{"x":17,"y":16}},{"w1":{"x":17,"y":16},"d1":{"x":17,"y":15}},{"w1":{"x":17,"y":15},"d1":{"x":17,"y":14}},{"w1":{"x":17,"y":14},"d1":{"x":17,"y":13}},{"w1":{"x":17,"y":11},"d1":{"x":17,"y":10}},{"w1":{"x":17,"y":10},"d1":{"x":17,"y":9}},{"w1":{"x":17,"y":9},"d1":{"x":17,"y":8}},{"w1":{"x":17,"y":7},"d1":{"x":17,"y":6}},{"w1":{"x":17,"y":6},"d1":{"x":17,"y":5}},{"w1":{"x":17,"y":2},"d1":{"x":17,"y":1}},{"w1":{"x":16,"y":18},"d1":{"x":16,"y":17}},{"w1":{"x":16,"y":17},"d1":{"x":16,"y":16}},{"w1":{"x":16,"y":16},"d1":{"x":16,"y":15}},{"w1":{"x":16,"y":15},"d1":{"x":16,"y":14}},{"w1":{"x":16,"y":13},"d1":{"x":16,"y":12}},{"w1":{"x":16,"y":10},"d1":{"x":16,"y":9}},{"w1":{"x":16,"y":8},"d1":{"x":16,"y":7}},{"w1":{"x":16,"y":7},"d1":{"x":16,"y":6}},{"w1":{"x":16,"y":6},"d1":{"x":16,"y":5}},{"w1":{"x":16,"y":4},"d1":{"x":16,"y":3}},{"w1":{"x":16,"y":2},"d1":{"x":16,"y":1}},{"w1":{"x":15,"y":22},"d1":{"x":15,"y":21}},{"w1":{"x":15,"y":18},"d1":{"x":15,"y":17}},{"w1":{"x":15,"y":17},"d1":{"x":15,"y":16}},{"w1":{"x":15,"y":16},"d1":{"x":15,"y":15}},{"w1":{"x":15,"y":12},"d1":{"x":15,"y":11}},{"w1":{"x":15,"y":9},"d1":{"x":15,"y":8}},{"w1":{"x":15,"y":8},"d1":{"x":15,"y":7}},{"w1":{"x":15,"y":6},"d1":{"x":15,"y":5}},{"w1":{"x":15,"y":5},"d1":{"x":15,"y":4}},{"w1":{"x":15,"y":4},"d1":{"x":15,"y":3}},{"w1":{"x":15,"y":1},"d1":{"x":15}},{"w1":{"x":18,"y":23},"d1":{"x":18,"y":22}},{"w1":{"x":18,"y":22},"d1":{"x":18,"y":21}},{"w1":{"x":18,"y":21},"d1":{"x":18,"y":20}},{"w1":{"x":18,"y":20},"d1":{"x":18,"y":19}},{"w1":{"x":18,"y":19},"d1":{"x":18,"y":18}},{"w1":{"x":18,"y":18},"d1":{"x":18,"y":17}},{"w1":{"x":18,"y":17},"d1":{"x":18,"y":16}},{"w1":{"x":18,"y":16},"d1":{"x":18,"y":15}},{"w1":{"x":18,"y":15},"d1":{"x":18,"y":14}},{"w1":{"x":18,"y":14},"d1":{"x":18,"y":13}},{"w1":{"x":18,"y":13},"d1":{"x":18,"y":12}},{"w1":{"x":18,"y":12},"d1":{"x":18,"y":11}},{"w1":{"x":18,"y":11},"d1":{"x":18,"y":10}},{"w1":{"x":18,"y":10},"d1":{"x":18,"y":9}},{"w1":{"x":18,"y":9},"d1":{"x":18,"y":8}},{"w1":{"x":18,"y":8},"d1":{"x":18,"y":7}},{"w1":{"x":18,"y":7},"d1":{"x":18,"y":6}},{"w1":{"x":18,"y":6},"d1":{"x":18,"y":5}},{"w1":{"x":18,"y":5},"d1":{"x":18,"y":4}},{"w1":{"x":18,"y":4},"d1":{"x":18,"y":3}},{"w1":{"x":18,"y":3},"d1":{"x":18,"y":2}},{"w1":{"x":18,"y":2},"d1":{"x":18,"y":1}},{"w1":{"x":18,"y":1},"d1":{"x":18}},{"w1":{"x":13,"y":13},"d1":{"x":14,"y":13}},{"w1":{"x":14,"y":13},"d1":{"x":15,"y":13}},{"w1":{"x":15,"y":13},"d1":{"x":16,"y":13}},{"w1":{"x":16,"y":13},"d1":{"x":17,"y":13}},{"w1":{"y":13},"d1":{"x":1,"y":13}},{"w1":{"x":1,"y":13},"d1":{"x":2,"y":13}},{"w1":{"x":5,"y":12},"d1":{"x":6,"y":12}},{"w1":{"x":13,"y":12},"d1":{"x":14,"y":12}},{"w1":{"x":14,"y":12},"d1":{"x":15,"y":12}},{"w1":{"x":16,"y":12},"d1":{"x":17,"y":12}},{"w1":{"x":1,"y":12},"d1":{"x":2,"y":12}},{"w1":{"x":13,"y":11},"d1":{"x":14,"y":11}},{"w1":{"x":16,"y":11},"d1":{"x":17,"y":11}},{"w1":{"x":3,"y":10},"d1":{"x":4,"y":10}},{"w1":{"x":14,"y":10},"d1":{"x":15,"y":10}},{"w1":{"x":15,"y":10},"d1":{"x":16,"y":10}},{"w1":{"x":16,"y":10},"d1":{"x":17,"y":10}},{"w1":{"x":3,"y":9},"d1":{"x":4,"y":9}},{"w1":{"x":5,"y":9},"d1":{"x":6,"y":9}},{"w1":{"x":12,"y":9},"d1":{"x":13,"y":9}},{"w1":{"x":14,"y":9},"d1":{"x":15,"y":9}},{"w1":{"x":15,"y":9},"d1":{"x":16,"y":9}},{"w1":{"y":9},"d1":{"x":1,"y":9}},{"w1":{"x":16,"y":8},"d1":{"x":17,"y":8}},{"w1":{"x":2,"y":8},"d1":{"x":3,"y":8}},{"w1":{"x":14,"y":7},"d1":{"x":15,"y":7}},{"w1":{"x":17,"y":7},"d1":{"x":18,"y":7}},{"w1":{"x":5,"y":6},"d1":{"x":6,"y":6}},{"w1":{"x":12,"y":6},"d1":{"x":13,"y":6}},{"w1":{"x":15,"y":6},"d1":{"x":16,"y":6}},{"w1":{"x":4,"y":5},"d1":{"x":5,"y":5}},{"w1":{"x":5,"y":5},"d1":{"x":6,"y":5}},{"w1":{"x":12,"y":5},"d1":{"x":13,"y":5}},{"w1":{"x":13,"y":5},"d1":{"x":14,"y":5}},{"w1":{"y":5},"d1":{"x":1,"y":5}},{"w1":{"x":2,"y":5},"d1":{"x":3,"y":5}},{"w1":{"x":3,"y":23},"d1":{"x":4,"y":23}},{"w1":{"x":4,"y":23},"d1":{"x":5,"y":23}},{"w1":{"x":5,"y":23},"d1":{"x":6,"y":23}},{"w1":{"x":6,"y":23},"d1":{"x":7,"y":23}},{"w1":{"x":7,"y":23},"d1":{"x":8,"y":23}},{"w1":{"x":8,"y":23},"d1":{"x":9,"y":23}},{"w1":{"x":9,"y":23},"d1":{"x":10,"y":23}},{"w1":{"x":10,"y":23},"d1":{"x":11,"y":23}},{"w1":{"x":11,"y":23},"d1":{"x":12,"y":23}},{"w1":{"x":12,"y":23},"d1":{"x":13,"y":23}},{"w1":{"x":13,"y":23},"d1":{"x":14,"y":23}},{"w1":{"x":14,"y":23},"d1":{"x":15,"y":23}},{"w1":{"x":15,"y":23},"d1":{"x":16,"y":23}},{"w1":{"x":16,"y":23},"d1":{"x":17,"y":23}},{"w1":{"x":17,"y":23},"d1":{"x":18,"y":23}},{"w1":{"y":23},"d1":{"x":1,"y":23}},{"w1":{"x":1,"y":23},"d1":{"x":2,"y":23}},{"w1":{"x":2,"y":23},"d1":{"x":3,"y":23}},{"w1":{"x":4,"y":22},"d1":{"x":5,"y":22}},{"w1":{"x":5,"y":22},"d1":{"x":6,"y":22}},{"w1":{"x":6,"y":22},"d1":{"x":7,"y":22}},{"w1":{"x":7,"y":22},"d1":{"x":8,"y":22}},{"w1":{"x":8,"y":22},"d1":{"x":9,"y":22}},{"w1":{"x":10,"y":22},"d1":{"x":11,"y":22}},{"w1":{"x":11,"y":22},"d1":{"x":12,"y":22}},{"w1":{"x":12,"y":22},"d1":{"x":13,"y":22}},{"w1":{"x":13,"y":22},"d1":{"x":14,"y":22}},{"w1":{"x":15,"y":22},"d1":{"x":16,"y":22}},{"w1":{"x":16,"y":22},"d1":{"x":17,"y":22}},{"w1":{"x":15,"y":21},"d1":{"x":16,"y":21}},{"w1":{"x":16,"y":21},"d1":{"x":17,"y":21}},{"w1":{"x":17,"y":21},"d1":{"x":18,"y":21}},{"w1":{"x":1,"y":21},"d1":{"x":2,"y":21}},{"w1":{"x":3,"y":20},"d1":{"x":4,"y":20}},{"w1":{"x":15,"y":20},"d1":{"x":16,"y":20}},{"w1":{"x":16,"y":20},"d1":{"x":17,"y":20}},{"w1":{"y":20},"d1":{"x":1,"y":20}},{"w1":{"x":4,"y":19},"d1":{"x":5,"y":19}},{"w1":{"x":14,"y":19},"d1":{"x":15,"y":19}},{"w1":{"x":15,"y":19},"d1":{"x":16,"y":19}},{"w1":{"x":16,"y":19},"d1":{"x":17,"y":19}},{"w1":{"x":13,"y":18},"d1":{"x":14,"y":18}},{"w1":{"x":15,"y":18},"d1":{"x":16,"y":18}},{"w1":{"x":1,"y":18},"d1":{"x":2,"y":18}},{"w1":{"x":4,"y":17},"d1":{"x":5,"y":17}},{"w1":{"x":5,"y":17},"d1":{"x":6,"y":17}},{"w1":{"y":17},"d1":{"x":1,"y":17}},{"w1":{"x":1,"y":17},"d1":{"x":2,"y":17}},{"w1":{"x":2,"y":17},"d1":{"x":3,"y":17}},{"w1":{"x":3,"y":16},"d1":{"x":4,"y":16}},{"w1":{"x":4,"y":16},"d1":{"x":5,"y":16}},{"w1":{"x":5,"y":16},"d1":{"x":6,"y":16}},{"w1":{"x":12,"y":16},"d1":{"x":13,"y":16}},{"w1":{"x":13,"y":16},"d1":{"x":14,"y":16}},{"w1":{"y":16},"d1":{"x":1,"y":16}},{"w1":{"x":1,"y":16},"d1":{"x":2,"y":16}},{"w1":{"x":3,"y":15},"d1":{"x":4,"y":15}},{"w1":{"x":12,"y":15},"d1":{"x":13,"y":15}},{"w1":{"x":1,"y":15},"d1":{"x":2,"y":15}},{"w1":{"x":2,"y":15},"d1":{"x":3,"y":15}},{"w1":{"x":3,"y":4},"d1":{"x":4,"y":4}},{"w1":{"x":4,"y":4},"d1":{"x":5,"y":4}},{"w1":{"x":13,"y":4},"d1":{"x":14,"y":4}},{"w1":{"x":14,"y":4},"d1":{"x":15,"y":4}},{"w1":{"x":16,"y":4},"d1":{"x":17,"y":4}},{"w1":{"x":17,"y":4},"d1":{"x":18,"y":4}},{"w1":{"x":2,"y":4},"d1":{"x":3,"y":4}},{"w1":{"x":13,"y":3},"d1":{"x":14,"y":3}},{"w1":{"x":14,"y":3},"d1":{"x":15,"y":3}},{"w1":{"x":16,"y":3},"d1":{"x":17,"y":3}},{"w1":{"x":5,"y":2},"d1":{"x":6,"y":2}},{"w1":{"x":12,"y":2},"d1":{"x":13,"y":2}},{"w1":{"x":13,"y":2},"d1":{"x":14,"y":2}},{"w1":{"x":14,"y":2},"d1":{"x":15,"y":2}},{"w1":{"x":16,"y":2},"d1":{"x":17,"y":2}},{"w1":{"y":2},"d1":{"x":1,"y":2}},{"w1":{"x":1,"y":2},"d1":{"x":2,"y":2}},{"w1":{"x":3,"y":1},"d1":{"x":4,"y":1}},{"w1":{"x":4,"y":1},"d1":{"x":5,"y":1}},{"w1":{"x":6,"y":1},"d1":{"x":7,"y":1}},{"w1":{"x":7,"y":1},"d1":{"x":8,"y":1}},{"w1":{"x":8,"y":1},"d1":{"x":9,"y":1}},{"w1":{"x":9,"y":1},"d1":{"x":10,"y":1}},{"w1":{"x":11,"y":1},"d1":{"x":12,"y":1}},{"w1":{"x":13,"y":1},"d1":{"x":14,"y":1}},{"w1":{"x":14,"y":1},"d1":{"x":15,"y":1}},{"w1":{"x":17,"y":1},"d1":{"x":18,"y":1}},{"w1":{"x":1,"y":1},"d1":{"x":2,"y":1}},{"w1":{"x":3},"d1":{"x":4}},{"w1":{"x":4},"d1":{"x":5}},{"w1":{"x":5},"d1":{"x":6}},{"w1":{"x":6},"d1":{"x":7}},{"w1":{"x":7},"d1":{"x":8}},{"w1":{"x":8},"d1":{"x":9}},{"w1":{"x":9},"d1":{"x":10}},{"w1":{"x":10},"d1":{"x":11}},{"w1":{"x":11},"d1":{"x":12}},{"w1":{"x":12},"d1":{"x":13}},{"w1":{"x":13},"d1":{"x":14}},{"w1":{"x":14},"d1":{"x":15}},{"w1":{"x":15},"d1":{"x":16}},{"w1":{"x":16},"d1":{"x":17}},{"w1":{"x":17},"d1":{"x":18}},{"w1":{},"d1":{"x":1}},{"w1":{"x":1},"d1":{"x":2}},{"w1":{"x":2},"d1":{"x":3}},{"w1":{"x":3,"y":14},"d1":{"x":4,"y":14}},{"w1":{"x":4,"y":14},"d1":{"x":5,"y":14}},{"w1":{"x":14,"y":14},"d1":{"x":15,"y":14}},{"w1":{"x":15,"y":14},"d1":{"x":16,"y":14}},{"w1":{"x":1,"y":14},"d1":{"x":2,"y":14}},{"w1":{"x":6,"y":20},"d1":{"x":6,"y":19}},{"w1":{"x":6,"y":19},"d1":{"x":6,"y":18}},{"w1":{"x":6,"y":18},"d1":{"x":6,"y":17}},{"w1":{"x":6,"y":16},"d1":{"x":6,"y":15}},{"w1":{"x":6,"y":15},"d1":{"x":6,"y":14}},{"w1":{"x":6,"y":14},"d1":{"x":6,"y":13}},{"w1":{"x":6,"y":12},"d1":{"x":6,"y":11}},{"w1":{"x":6,"y":11},"d1":{"x":6,"y":10}},{"w1":{"x":6,"y":10},"d1":{"x":6,"y":9}},{"w1":{"x":6,"y":9},"d1":{"x":6,"y":8}},{"w1":{"x":6,"y":7},"d1":{"x":6,"y":6}},{"w1":{"x":6,"y":6},"d1":{"x":6,"y":5}},{"w1":{"x":12,"y":21},"d1":{"x":12,"y":20}},{"w1":{"x":12,"y":19},"d1":{"x":12,"y":18}},{"w1":{"x":12,"y":18},"d1":{"x":12,"y":17}},{"w1":{"x":12,"y":17},"d1":{"x":12,"y":16}},{"w1":{"x":12,"y":15},"d1":{"x":12,"y":14}},{"w1":{"x":12,"y":14},"d1":{"x":12,"y":13}},{"w1":{"x":12,"y":13},"d1":{"x":12,"y":12}},{"w1":{"x":12,"y":12},"d1":{"x":12,"y":11}},{"w1":{"x":12,"y":11},"d1":{"x":12,"y":10}},{"w1":{"x":12,"y":10},"d1":{"x":12,"y":9}},{"w1":{"x":12,"y":9},"d1":{"x":12,"y":8}},{"w1":{"x":12,"y":7},"d1":{"x":12,"y":6}},{"w1":{"x":12,"y":6},"d1":{"x":12,"y":5}},{"w1":{"x":12,"y":4},"d1":{"x":12,"y":3}},{"w1":{"x":5,"y":21},"d1":{"x":6,"y":21}},{"w1":{"x":5,"y":4},"d1":{"x":6,"y":4}},{"w1":{"x":6,"y":21},"d1":{"x":7,"y":21}},{"w1":{"x":8,"y":21},"d1":{"x":9,"y":21}},{"w1":{"x":9,"y":21},"d1":{"x":10,"y":21}},{"w1":{"x":10,"y":21},"d1":{"x":11,"y":21}},{"w1":{"x":11,"y":21},"d1":{"x":12,"y":21}},{"w1":{"x":12,"y":21},"d1":{"x":13,"y":21}},{"w1":{"x":6,"y":17},"d1":{"x":7,"y":17}},{"w1":{"x":10,"y":5},"d1":{"x":10,"y":4}},{"w1":{"x":10,"y":16},"d1":{"x":10,"y":15}},{"w1":{"x":11,"y":17},"d1":{"x":12,"y":17}},{"w1":{"x":10,"y":4},"d1":{"x":11,"y":4}},{"w1":{"x":17,"y":11},"d1":{"x":18,"y":11}},{"w1":{"x":6,"y":13},"d1":{"x":6,"y":12}},{"w1":{"x":8,"y":17},"d1":{"x":8,"y":16}},{"w1":{"x":8,"y":7},"d1":{"x":9,"y":7}},{"w1":{"x":15,"y":12},"d1":{"x":15,"y":11}},{"w1":{"x":7,"y":7},"d1":{"x":8,"y":7}},{"w1":{"x":12,"y":11},"d1":{"x":13,"y":11}},{"w1":{"x":13,"y":14},"d1":{"x":13,"y":13}}],"ice":[{"x":6,"y":15},{"x":7,"y":15},{"x":8,"y":15},{"x":9,"y":15},{"x":10,"y":15},{"x":6,"y":14},{"x":7,"y":14},{"x":8,"y":14},{"x":9,"y":14},{"x":10,"y":14},{"x":6,"y":13},{"x":7,"y":13},{"x":8,"y":13},{"x":9,"y":13},{"x":10,"y":13},{"x":6,"y":12},{"x":7,"y":12},{"x":8,"y":12},{"x":9,"y":12},{"x":10,"y":12},{"x":6,"y":11},{"x":7,"y":11},{"x":8,"y":11},{"x":9,"y":11},{"x":10,"y":11},{"x":6,"y":10},{"x":7,"y":10},{"x":8,"y":10},{"x":9,"y":10},{"x":10,"y":10},{"x":6,"y":9},{"x":7,"y":9},{"x":8,"y":9},{"x":9,"y":9},{"x":10,"y":9},{"x":6,"y":8},{"x":7,"y":8},{"x":8,"y":8},{"x":9,"y":8},{"x":10,"y":8},{"x":6,"y":7},{"x":7,"y":7},{"x":8,"y":7},{"x":9,"y":7},{"x":10,"y":7},{"x":6,"y":6},{"x":7,"y":6},{"x":8,"y":6},{"x":9,"y":6},{"x":10,"y":6},{"x":6,"y":5},{"x":7,"y":5},{"x":8,"y":5},{"x":9,"y":5},{"x":10,"y":5},{"x":6,"y":4},{"x":7,"y":4},{"x":8,"y":4},{"x":9,"y":4},{"x":10,"y":4},{"x":6,"y":3},{"x":7,"y":3},{"x":8,"y":3},{"x":9,"y":3},{"x":10,"y":3},{"x":6,"y":2},{"x":7,"y":2},{"x":8,"y":2},{"x":9,"y":2},{"x":10,"y":2},{"x":6,"y":1},{"x":7,"y":1},{"x":8,"y":1},{"x":9,"y":1},{"x":10,"y":1},{"x":6,"y":20},{"x":7,"y":20},{"x":8,"y":20},{"x":9,"y":20},{"x":10,"y":20},{"x":6,"y":19},{"x":7,"y":19},{"x":8,"y":19},{"x":9,"y":19},{"x":10,"y":19},{"x":6,"y":18},{"x":7,"y":18},{"x":8,"y":18},{"x":9,"y":18},{"x":10,"y":18},{"x":6,"y":17},{"x":7,"y":17},{"x":8,"y":17},{"x":9,"y":17},{"x":10,"y":17},{"x":6,"y":16},{"x":7,"y":16},{"x":8,"y":16},{"x":9,"y":16},{"x":10,"y":16},{"x":11,"y":15},{"x":11,"y":14},{"x":11,"y":13},{"x":11,"y":12},{"x":11,"y":11},{"x":11,"y":10},{"x":11,"y":9},{"x":11,"y":8},{"x":11,"y":7},{"x":11,"y":6},{"x":11,"y":5},{"x":11,"y":4},{"x":11,"y":3},{"x":11,"y":2},{"x":11,"y":1},{"x":11,"y":20},{"x":11,"y":19},{"x":11,"y":18},{"x":11,"y":17},{"x":11,"y":16}],"enemy":[],"tower":[]}