[{"__type__":"cc.SpriteFrame","content":{"name":"number1","texture":"bcpyBGce5B/bCpRvAr1qKn","rect":[0,0,240,34],"offset":[0,0],"originalSize":[240,34]}},{"__type__":"cc.LabelAtlas","_name":"number1","spriteFrame":{"__uuid__":"6eWE7EFa1Pt4Li/8iRyPIN"},"fontSize":29.92,"_fntConfig":{"commonHeight":34,"fontSize":29,"atlasName":"number1","fontDefDictionary":{"48":{"rect":{"x":0,"y":0,"width":24,"height":34},"xOffset":0,"yOffset":0,"xAdvance":24},"49":{"rect":{"x":24,"y":0,"width":24,"height":34},"xOffset":0,"yOffset":0,"xAdvance":24},"50":{"rect":{"x":48,"y":0,"width":24,"height":34},"xOffset":0,"yOffset":0,"xAdvance":24},"51":{"rect":{"x":72,"y":0,"width":24,"height":34},"xOffset":0,"yOffset":0,"xAdvance":24},"52":{"rect":{"x":96,"y":0,"width":24,"height":34},"xOffset":0,"yOffset":0,"xAdvance":24},"53":{"rect":{"x":120,"y":0,"width":24,"height":34},"xOffset":0,"yOffset":0,"xAdvance":24},"54":{"rect":{"x":144,"y":0,"width":24,"height":34},"xOffset":0,"yOffset":0,"xAdvance":24},"55":{"rect":{"x":168,"y":0,"width":24,"height":34},"xOffset":0,"yOffset":0,"xAdvance":24},"56":{"rect":{"x":192,"y":0,"width":24,"height":34},"xOffset":0,"yOffset":0,"xAdvance":24},"57":{"rect":{"x":216,"y":0,"width":24,"height":34},"xOffset":0,"yOffset":0,"xAdvance":24}},"kerningDict":{}}}]