[{"__type__":"cc.SpriteFrame","content":{"name":"default_btn_disabled","texture":"71VhFCTINJM6/Ky3oX9nBT","rect":[0,0,40,40],"offset":[0,0],"originalSize":[40,40],"capInsets":[15,7,15,9]}},[{"__type__":"cc.Prefab","_name":"PopGame","data":{"__id__":1},"asyncLoadAssets":null},{"__type__":"cc.Node","_name":"PopGame","_children":[{"__id__":2}],"_components":[{"__type__":"cc.Widget","node":{"__id__":1},"_alignFlags":44}],"_prefab":{"__type__":"cc.PrefabInfo","root":{"__id__":1},"asset":{"__uuid__":"e65AYEnTtHU6F52qqvDJZZ"},"fileId":"1aAbfR3ptEJpO6TO1k06rW"},"_contentSize":{"__type__":"cc.Size","height":190},"_position":{"__type__":"cc.Vec2","y":95}},{"__type__":"cc.Node","_name":"ScrollView","_parent":{"__id__":1},"_children":[{"__id__":3}],"_components":[{"__type__":"cc.Sprite","node":{"__id__":2},"_type":1,"_sizeMode":0},{"__type__":"cc.ScrollView","node":{"__id__":2},"content":{"__id__":4},"vertical":false,"brake":0.75,"bounceDuration":0.23,"_N$horizontalScrollBar":null,"_N$verticalScrollBar":null},{"__type__":"cc.Widget","node":{"__id__":2},"_alignFlags":45,"_originalWidth":240,"_originalHeight":250}],"_prefab":{"__type__":"cc.PrefabInfo","root":{"__id__":1},"asset":{"__uuid__":"e65AYEnTtHU6F52qqvDJZZ"},"fileId":"2aR6JDGJFCzY+i3eP4jqwB"},"_color":{"__type__":"cc.Color","r":81,"g":123,"b":223},"_contentSize":{"__type__":"cc.Size","height":190}},{"__type__":"cc.Node","_name":"view","_parent":{"__id__":2},"_children":[{"__id__":4}],"_components":[{"__type__":"cc.Mask","node":{"__id__":3}},{"__type__":"cc.Widget","node":{"__id__":3},"_alignFlags":45,"_originalWidth":240,"_originalHeight":250}],"_prefab":{"__type__":"cc.PrefabInfo","root":{"__id__":1},"asset":{"__uuid__":"e65AYEnTtHU6F52qqvDJZZ"},"fileId":"b447x0WcZMOIJmpzr2b1Cb"},"_anchorPoint":{"__type__":"cc.Vec2","y":0.5},"_contentSize":{"__type__":"cc.Size","height":190}},{"__type__":"cc.Node","_name":"content","_parent":{"__id__":3},"_children":[{"__id__":5},{"__id__":11},{"__id__":17},{"__id__":23}],"_components":[{"__type__":"cc.Layout","node":{"__id__":4},"_layoutSize":{"__type__":"cc.Size","width":670,"height":190},"_resize":1,"_N$layoutType":1,"_N$paddingLeft":40,"_N$spacingX":50},{"__type__":"cc.Widget","node":{"__id__":4},"_alignFlags":45,"_right":-670,"_originalWidth":220,"_originalHeight":400}],"_prefab":{"__type__":"cc.PrefabInfo","root":{"__id__":1},"asset":{"__uuid__":"e65AYEnTtHU6F52qqvDJZZ"},"fileId":"d8U0v3PI5ON6/oZg8zmTCR"},"_anchorPoint":{"__type__":"cc.Vec2","y":0.5},"_contentSize":{"__type__":"cc.Size","width":670,"height":190}},{"__type__":"cc.Node","_name":"Game0","_parent":{"__id__":4},"_children":[{"__id__":6},{"__id__":7},{"__id__":9}],"_components":[{"__type__":"cc.Button","node":{"__id__":5},"transition":3,"pressedColor":{"__type__":"cc.Color","r":255,"g":255,"b":255},"zoomScale":0.8,"clickEvents":[null],"_N$normalColor":{"__type__":"cc.Color","r":255,"g":255,"b":255},"_N$disabledColor":{"__type__":"cc.Color","r":255,"g":255,"b":255},"_N$normalSprite":{"__uuid__":"f0BIwQ8D5Ml7nTNQbh1YlS"},"_N$pressedSprite":{"__uuid__":"e97GVMl6JHh5Ml5qEDdSGa"},"pressedSprite":{"__uuid__":"e97GVMl6JHh5Ml5qEDdSGa"},"_N$hoverSprite":{"__uuid__":"e97GVMl6JHh5Ml5qEDdSGa"},"hoverSprite":{"__uuid__":"e97GVMl6JHh5Ml5qEDdSGa"},"_N$disabledSprite":{"__uuid__":"29FYIk+N1GYaeWH/q1NxQO"},"_N$target":{"__id__":5}}],"_prefab":{"__type__":"cc.PrefabInfo","root":{"__id__":1},"asset":{"__uuid__":"e65AYEnTtHU6F52qqvDJZZ"},"fileId":"0a+Hh6gMpEwbrgQ/E8ZerS"},"_contentSize":{"__type__":"cc.Size","width":120,"height":190},"_position":{"__type__":"cc.Vec2","x":100}},{"__type__":"cc.Node","_name":"Name","_parent":{"__id__":5},"_components":[{"__type__":"cc.Label","node":{"__id__":6},"_useOriginalSize":false,"_actualFontSize":20,"_fontSize":20,"_N$string":"Jewel Block","_N$horizontalAlign":1,"_N$verticalAlign":1}],"_prefab":{"__type__":"cc.PrefabInfo","root":{"__id__":1},"asset":{"__uuid__":"e65AYEnTtHU6F52qqvDJZZ"},"fileId":"05PvZ0xJtKmY6VsOy6AdMv"},"_contentSize":{"__type__":"cc.Size","width":106,"height":40},"_position":{"__type__":"cc.Vec2","y":70}},{"__type__":"cc.Node","_name":"Sprite","_parent":{"__id__":5},"_children":[{"__id__":8}],"_components":[{"__type__":"cc.Sprite","node":{"__id__":7},"_type":1,"_sizeMode":0}],"_prefab":{"__type__":"cc.PrefabInfo","root":{"__id__":1},"asset":{"__uuid__":"e65AYEnTtHU6F52qqvDJZZ"},"fileId":"d3/h1aWJVKa6zsnUKit9g9"},"_contentSize":{"__type__":"cc.Size","width":120,"height":120},"_position":{"__type__":"cc.Vec2","y":-10}},{"__type__":"cc.Node","_name":"Icon","_parent":{"__id__":7},"_components":[{"__type__":"cc.Sprite","node":{"__id__":8}}],"_prefab":{"__type__":"cc.PrefabInfo","root":{"__id__":1},"asset":{"__uuid__":"e65AYEnTtHU6F52qqvDJZZ"},"fileId":"16RoJE9OFNtYkHLYveKB0g"},"_contentSize":{"__type__":"cc.Size","width":120,"height":120}},{"__type__":"cc.Node","_name":"Play","_parent":{"__id__":5},"_children":[{"__id__":10}],"_components":[{"__type__":"cc.Sprite","node":{"__id__":9},"_type":1,"_sizeMode":0}],"_prefab":{"__type__":"cc.PrefabInfo","root":{"__id__":1},"asset":{"__uuid__":"e65AYEnTtHU6F52qqvDJZZ"},"fileId":"38HRk9MKhGdrxoCZkY2h8r"},"_opacity":253,"_color":{"__type__":"cc.Color","r":134,"g":211,"b":48},"_contentSize":{"__type__":"cc.Size","width":120,"height":40},"_position":{"__type__":"cc.Vec2","y":-62}},{"__type__":"cc.Node","_name":"Play","_parent":{"__id__":9},"_components":[{"__type__":"cc.Label","node":{"__id__":10},"_useOriginalSize":false,"_actualFontSize":25,"_fontSize":25,"_lineHeight":30,"_N$string":"PLAY","_N$horizontalAlign":1,"_N$verticalAlign":1},{"__type__":"cc.LabelOutline","node":{"__id__":10}}],"_prefab":{"__type__":"cc.PrefabInfo","root":{"__id__":1},"asset":{"__uuid__":"e65AYEnTtHU6F52qqvDJZZ"},"fileId":"ddHr6p3ElEmq/hd6DQrG9S"},"_contentSize":{"__type__":"cc.Size","width":62,"height":30},"_position":{"__type__":"cc.Vec2","y":2}},{"__type__":"cc.Node","_name":"Game1","_parent":{"__id__":4},"_children":[{"__id__":12},{"__id__":13},{"__id__":15}],"_components":[{"__type__":"cc.Button","node":{"__id__":11},"transition":3,"pressedColor":{"__type__":"cc.Color","r":255,"g":255,"b":255},"zoomScale":0.8,"clickEvents":[null],"_N$normalColor":{"__type__":"cc.Color","r":255,"g":255,"b":255},"_N$disabledColor":{"__type__":"cc.Color","r":255,"g":255,"b":255},"_N$normalSprite":{"__uuid__":"f0BIwQ8D5Ml7nTNQbh1YlS"},"_N$pressedSprite":{"__uuid__":"e97GVMl6JHh5Ml5qEDdSGa"},"pressedSprite":{"__uuid__":"e97GVMl6JHh5Ml5qEDdSGa"},"_N$hoverSprite":{"__uuid__":"e97GVMl6JHh5Ml5qEDdSGa"},"hoverSprite":{"__uuid__":"e97GVMl6JHh5Ml5qEDdSGa"},"_N$disabledSprite":{"__uuid__":"29FYIk+N1GYaeWH/q1NxQO"},"_N$target":{"__id__":11}}],"_prefab":{"__type__":"cc.PrefabInfo","root":{"__id__":1},"asset":{"__uuid__":"e65AYEnTtHU6F52qqvDJZZ"},"fileId":"75Je7kUkJEcIVWerf24uBR"},"_contentSize":{"__type__":"cc.Size","width":120,"height":190},"_position":{"__type__":"cc.Vec2","x":270}},{"__type__":"cc.Node","_name":"Name","_parent":{"__id__":11},"_components":[{"__type__":"cc.Label","node":{"__id__":12},"_useOriginalSize":false,"_actualFontSize":20,"_fontSize":20,"_N$string":"Maze World","_N$horizontalAlign":1,"_N$verticalAlign":1}],"_prefab":{"__type__":"cc.PrefabInfo","root":{"__id__":1},"asset":{"__uuid__":"e65AYEnTtHU6F52qqvDJZZ"},"fileId":"97PIUmja9JVLlWyKbrTMEm"},"_contentSize":{"__type__":"cc.Size","width":106,"height":40},"_position":{"__type__":"cc.Vec2","y":70}},{"__type__":"cc.Node","_name":"Sprite","_parent":{"__id__":11},"_children":[{"__id__":14}],"_components":[{"__type__":"cc.Sprite","node":{"__id__":13},"_type":1,"_sizeMode":0}],"_prefab":{"__type__":"cc.PrefabInfo","root":{"__id__":1},"asset":{"__uuid__":"e65AYEnTtHU6F52qqvDJZZ"},"fileId":"81sYrb9cRCvrd0x68hebYu"},"_contentSize":{"__type__":"cc.Size","width":120,"height":120},"_position":{"__type__":"cc.Vec2","y":-10}},{"__type__":"cc.Node","_name":"Icon","_parent":{"__id__":13},"_components":[{"__type__":"cc.Sprite","node":{"__id__":14}}],"_prefab":{"__type__":"cc.PrefabInfo","root":{"__id__":1},"asset":{"__uuid__":"e65AYEnTtHU6F52qqvDJZZ"},"fileId":"f7sVOO2B1HvKNRoqcThsBD"},"_contentSize":{"__type__":"cc.Size","width":120,"height":120}},{"__type__":"cc.Node","_name":"Play","_parent":{"__id__":11},"_children":[{"__id__":16}],"_components":[{"__type__":"cc.Sprite","node":{"__id__":15},"_type":1,"_sizeMode":0}],"_prefab":{"__type__":"cc.PrefabInfo","root":{"__id__":1},"asset":{"__uuid__":"e65AYEnTtHU6F52qqvDJZZ"},"fileId":"65JVpE5a5JnLZmtEKn2pL5"},"_opacity":253,"_color":{"__type__":"cc.Color","r":134,"g":211,"b":48},"_contentSize":{"__type__":"cc.Size","width":120,"height":40},"_position":{"__type__":"cc.Vec2","y":-62}},{"__type__":"cc.Node","_name":"Play","_parent":{"__id__":15},"_components":[{"__type__":"cc.Label","node":{"__id__":16},"_useOriginalSize":false,"_actualFontSize":25,"_fontSize":25,"_lineHeight":30,"_N$string":"PLAY","_N$horizontalAlign":1,"_N$verticalAlign":1},{"__type__":"cc.LabelOutline","node":{"__id__":16}}],"_prefab":{"__type__":"cc.PrefabInfo","root":{"__id__":1},"asset":{"__uuid__":"e65AYEnTtHU6F52qqvDJZZ"},"fileId":"7bV6vk57FPh6g2oXhxHuu1"},"_contentSize":{"__type__":"cc.Size","width":62,"height":30},"_position":{"__type__":"cc.Vec2","y":2}},{"__type__":"cc.Node","_name":"Game2","_parent":{"__id__":4},"_children":[{"__id__":18},{"__id__":19},{"__id__":21}],"_components":[{"__type__":"cc.Button","node":{"__id__":17},"transition":3,"pressedColor":{"__type__":"cc.Color","r":255,"g":255,"b":255},"zoomScale":0.8,"clickEvents":[null],"_N$normalColor":{"__type__":"cc.Color","r":255,"g":255,"b":255},"_N$disabledColor":{"__type__":"cc.Color","r":255,"g":255,"b":255},"_N$normalSprite":{"__uuid__":"f0BIwQ8D5Ml7nTNQbh1YlS"},"_N$pressedSprite":{"__uuid__":"e97GVMl6JHh5Ml5qEDdSGa"},"pressedSprite":{"__uuid__":"e97GVMl6JHh5Ml5qEDdSGa"},"_N$hoverSprite":{"__uuid__":"e97GVMl6JHh5Ml5qEDdSGa"},"hoverSprite":{"__uuid__":"e97GVMl6JHh5Ml5qEDdSGa"},"_N$disabledSprite":{"__uuid__":"29FYIk+N1GYaeWH/q1NxQO"},"_N$target":{"__id__":17}}],"_prefab":{"__type__":"cc.PrefabInfo","root":{"__id__":1},"asset":{"__uuid__":"e65AYEnTtHU6F52qqvDJZZ"},"fileId":"01WZRuBRVHa7Enp6wE0yod"},"_contentSize":{"__type__":"cc.Size","width":120,"height":190},"_position":{"__type__":"cc.Vec2","x":440}},{"__type__":"cc.Node","_name":"Name","_parent":{"__id__":17},"_components":[{"__type__":"cc.Label","node":{"__id__":18},"_useOriginalSize":false,"_actualFontSize":20,"_fontSize":20,"_N$string":"One Draw 2","_N$horizontalAlign":1,"_N$verticalAlign":1}],"_prefab":{"__type__":"cc.PrefabInfo","root":{"__id__":1},"asset":{"__uuid__":"e65AYEnTtHU6F52qqvDJZZ"},"fileId":"68Gt1PIWRH9YGuMQvuV2O2"},"_contentSize":{"__type__":"cc.Size","width":107,"height":40},"_position":{"__type__":"cc.Vec2","y":70}},{"__type__":"cc.Node","_name":"Sprite","_parent":{"__id__":17},"_children":[{"__id__":20}],"_components":[{"__type__":"cc.Sprite","node":{"__id__":19},"_type":1,"_sizeMode":0}],"_prefab":{"__type__":"cc.PrefabInfo","root":{"__id__":1},"asset":{"__uuid__":"e65AYEnTtHU6F52qqvDJZZ"},"fileId":"5dsgy1lXpBqbHVmdstizqD"},"_contentSize":{"__type__":"cc.Size","width":120,"height":120},"_position":{"__type__":"cc.Vec2","y":-10}},{"__type__":"cc.Node","_name":"Icon","_parent":{"__id__":19},"_components":[{"__type__":"cc.Sprite","node":{"__id__":20}}],"_prefab":{"__type__":"cc.PrefabInfo","root":{"__id__":1},"asset":{"__uuid__":"e65AYEnTtHU6F52qqvDJZZ"},"fileId":"56TtHHmI1C/KgPHOeHX11A"},"_contentSize":{"__type__":"cc.Size","width":120,"height":120}},{"__type__":"cc.Node","_name":"Play","_parent":{"__id__":17},"_children":[{"__id__":22}],"_components":[{"__type__":"cc.Sprite","node":{"__id__":21},"_type":1,"_sizeMode":0}],"_prefab":{"__type__":"cc.PrefabInfo","root":{"__id__":1},"asset":{"__uuid__":"e65AYEnTtHU6F52qqvDJZZ"},"fileId":"f7NJhJaQZA7bAZJmL3jNbB"},"_opacity":253,"_color":{"__type__":"cc.Color","r":134,"g":211,"b":48},"_contentSize":{"__type__":"cc.Size","width":120,"height":40},"_position":{"__type__":"cc.Vec2","y":-62}},{"__type__":"cc.Node","_name":"Play","_parent":{"__id__":21},"_components":[{"__type__":"cc.Label","node":{"__id__":22},"_useOriginalSize":false,"_actualFontSize":25,"_fontSize":25,"_lineHeight":30,"_N$string":"PLAY","_N$horizontalAlign":1,"_N$verticalAlign":1},{"__type__":"cc.LabelOutline","node":{"__id__":22}}],"_prefab":{"__type__":"cc.PrefabInfo","root":{"__id__":1},"asset":{"__uuid__":"e65AYEnTtHU6F52qqvDJZZ"},"fileId":"45eLmy6LZIZr+mrb4FljF+"},"_contentSize":{"__type__":"cc.Size","width":62,"height":30},"_position":{"__type__":"cc.Vec2","y":2}},{"__type__":"cc.Node","_name":"Game3","_parent":{"__id__":4},"_children":[{"__id__":24},{"__id__":25},{"__id__":27}],"_components":[{"__type__":"cc.Button","node":{"__id__":23},"transition":3,"pressedColor":{"__type__":"cc.Color","r":255,"g":255,"b":255},"zoomScale":0.8,"clickEvents":[null],"_N$normalColor":{"__type__":"cc.Color","r":255,"g":255,"b":255},"_N$disabledColor":{"__type__":"cc.Color","r":255,"g":255,"b":255},"_N$normalSprite":{"__uuid__":"f0BIwQ8D5Ml7nTNQbh1YlS"},"_N$pressedSprite":{"__uuid__":"e97GVMl6JHh5Ml5qEDdSGa"},"pressedSprite":{"__uuid__":"e97GVMl6JHh5Ml5qEDdSGa"},"_N$hoverSprite":{"__uuid__":"e97GVMl6JHh5Ml5qEDdSGa"},"hoverSprite":{"__uuid__":"e97GVMl6JHh5Ml5qEDdSGa"},"_N$disabledSprite":{"__uuid__":"29FYIk+N1GYaeWH/q1NxQO"},"_N$target":{"__id__":23}}],"_prefab":{"__type__":"cc.PrefabInfo","root":{"__id__":1},"asset":{"__uuid__":"e65AYEnTtHU6F52qqvDJZZ"},"fileId":"49BogCZ2dPqK83TRaxUxIq"},"_contentSize":{"__type__":"cc.Size","width":120,"height":190},"_position":{"__type__":"cc.Vec2","x":610}},{"__type__":"cc.Node","_name":"Name","_parent":{"__id__":23},"_components":[{"__type__":"cc.Label","node":{"__id__":24},"_useOriginalSize":false,"_actualFontSize":20,"_fontSize":20,"_N$string":"One Draw","_N$horizontalAlign":1,"_N$verticalAlign":1}],"_prefab":{"__type__":"cc.PrefabInfo","root":{"__id__":1},"asset":{"__uuid__":"e65AYEnTtHU6F52qqvDJZZ"},"fileId":"bb9zDJ5AZMrpehZlgmSYpN"},"_contentSize":{"__type__":"cc.Size","width":90,"height":40},"_position":{"__type__":"cc.Vec2","y":70}},{"__type__":"cc.Node","_name":"Sprite","_parent":{"__id__":23},"_children":[{"__id__":26}],"_components":[{"__type__":"cc.Sprite","node":{"__id__":25},"_type":1,"_sizeMode":0}],"_prefab":{"__type__":"cc.PrefabInfo","root":{"__id__":1},"asset":{"__uuid__":"e65AYEnTtHU6F52qqvDJZZ"},"fileId":"5aewQgEKlGVrgrqFQmfkm5"},"_contentSize":{"__type__":"cc.Size","width":120,"height":120},"_position":{"__type__":"cc.Vec2","y":-10}},{"__type__":"cc.Node","_name":"Icon","_parent":{"__id__":25},"_components":[{"__type__":"cc.Sprite","node":{"__id__":26}}],"_prefab":{"__type__":"cc.PrefabInfo","root":{"__id__":1},"asset":{"__uuid__":"e65AYEnTtHU6F52qqvDJZZ"},"fileId":"1fDquN4YVNJK+87VEI6Lol"},"_contentSize":{"__type__":"cc.Size","width":120,"height":120}},{"__type__":"cc.Node","_name":"Play","_parent":{"__id__":23},"_children":[{"__id__":28}],"_components":[{"__type__":"cc.Sprite","node":{"__id__":27},"_type":1,"_sizeMode":0}],"_prefab":{"__type__":"cc.PrefabInfo","root":{"__id__":1},"asset":{"__uuid__":"e65AYEnTtHU6F52qqvDJZZ"},"fileId":"efGZ3S2aRJzIBkGEgIhv2F"},"_opacity":253,"_color":{"__type__":"cc.Color","r":134,"g":211,"b":48},"_contentSize":{"__type__":"cc.Size","width":120,"height":40},"_position":{"__type__":"cc.Vec2","y":-62}},{"__type__":"cc.Node","_name":"Play","_parent":{"__id__":27},"_components":[{"__type__":"cc.Label","node":{"__id__":28},"_useOriginalSize":false,"_actualFontSize":25,"_fontSize":25,"_lineHeight":30,"_N$string":"PLAY","_N$horizontalAlign":1,"_N$verticalAlign":1},{"__type__":"cc.LabelOutline","node":{"__id__":28}}],"_prefab":{"__type__":"cc.PrefabInfo","root":{"__id__":1},"asset":{"__uuid__":"e65AYEnTtHU6F52qqvDJZZ"},"fileId":"26VJWPbJNMOq0t3nMZyxvV"},"_contentSize":{"__type__":"cc.Size","width":62,"height":30},"_position":{"__type__":"cc.Vec2","y":2}}],{"__type__":"cc.SpriteFrame","content":{"name":"default_btn_pressed","texture":"b4P/PCArtIdIH38t6mlw8Y","rect":[0,0,40,40],"offset":[0,0],"originalSize":[40,40],"capInsets":[11,11,11,7]}},{"__type__":"cc.SpriteFrame","content":{"name":"default_btn_normal","texture":"e8Ueib+qJEhL6mXAHdnwbi","rect":[0,0,40,40],"offset":[0,0],"originalSize":[40,40],"capInsets":[8,11,7,9]}}]