[{"__type__":"cc.SpriteFrame","content":{"name":"line","texture":"57exrIVuVACoHzCx51yKjm","rect":[992,257,6,10],"offset":[0,0],"originalSize":[6,10],"capInsets":[0,2,0,2]}},{"__type__":"cc.SpriteFrame","content":{"name":"box_while","texture":"57exrIVuVACoHzCx51yKjm","rect":[953,159,44,54],"offset":[0,0],"originalSize":[44,54],"capInsets":[20,23,21,27]}},{"__type__":"cc.SpriteFrame","content":{"name":"star","texture":"57exrIVuVACoHzCx51yKjm","rect":[643,571,103,95],"offset":[0,0],"originalSize":[103,95],"rotated":1}},{"__type__":"cc.SpriteFrame","content":{"name":"default_btn_disabled","texture":"71VhFCTINJM6/Ky3oX9nBT","rect":[0,0,40,40],"offset":[0,0],"originalSize":[40,40],"capInsets":[15,7,15,9]}},[{"__type__":"cc.SceneAsset","_name":"main","scene":{"__id__":1},"asyncLoadAssets":null},{"__type__":"cc.Scene","_name":"New Node","_children":[{"__id__":2},{"__id__":185}],"_anchorPoint":{"__type__":"cc.Vec2"},"autoReleaseAssets":false},{"__type__":"cc.Node","_name":"Canvas","_parent":{"__id__":1},"_children":[{"__id__":3},{"__id__":4},{"__id__":36}],"_components":[{"__type__":"cc.Canvas","node":{"__id__":2},"_designResolution":{"__type__":"cc.Size","width":750,"height":1335}}],"_id":"a286bbGknJLZpRpxROV6M94","_color":{"__type__":"cc.Color","r":252,"g":252,"b":252},"_contentSize":{"__type__":"cc.Size","width":750,"height":1335},"_position":{"__type__":"cc.Vec2","x":375,"y":667.5}},{"__type__":"cc.Node","_name":"bg","_parent":{"__id__":2},"_components":[{"__type__":"cc.Sprite","node":{"__id__":3},"_spriteFrame":{"__uuid__":"12x31HxNpI0IM9vyMiDYwl"},"_sizeMode":0},{"__type__":"cc.Widget","node":{"__id__":3},"_target":{"__id__":2},"_alignFlags":45,"_originalWidth":540,"_originalHeight":960}],"_color":{"__type__":"cc.Color","r":49,"g":77,"b":117},"_contentSize":{"__type__":"cc.Size","width":750,"height":1335}},{"__type__":"cc.Node","_name":"mainView","_parent":{"__id__":2},"_children":[{"__id__":5},{"__id__":14},{"__id__":30}],"_components":[{"__type__":"cc.Widget","node":{"__id__":4},"_target":{"__id__":2},"_alignFlags":45,"_originalWidth":540,"_originalHeight":107},{"__type__":"5a326YqAwhD+IfA3lH1oKVk","node":{"__id__":4},"noAdsView":{"__id__":30},"title":{"__id__":10},"starts":{"__id__":13},"content":{"__id__":29},"missionItem":{"__id__":15},"missionSpriteAtlas":{"__uuid__":"50T0Zg8gFHNL3oA07fxhpU"},"missions":{},"musicBtn":{"__id__":7},"musicOff":{"__uuid__":"83vTtAUPVMt6qVCZTt4jN7"},"musicOn":{"__uuid__":"57x9iFms5EPLqiylaGTqaI"}}],"_contentSize":{"__type__":"cc.Size","width":750,"height":1335}},{"__type__":"cc.Node","_name":"top","_parent":{"__id__":4},"_children":[{"__id__":6},{"__id__":8},{"__id__":11}],"_components":[{"__type__":"cc.Widget","node":{"__id__":5},"_target":{"__id__":2},"_alignFlags":17,"_top":33.5}],"_contentSize":{"__type__":"cc.Size","width":750,"height":180},"_position":{"__type__":"cc.Vec2","y":544}},{"__type__":"cc.Node","_name":"Music","_parent":{"__id__":5},"_components":[{"__id__":7},{"__type__":"cc.Button","node":{"__id__":6},"transition":3,"pressedColor":{"__type__":"cc.Color","r":255,"g":255,"b":255},"zoomScale":0.8,"clickEvents":[{"__type__":"cc.ClickEvent","target":{"__id__":4},"component":"MainView","handler":"checkMusic","customEventData":"turn"}],"_N$normalColor":{"__type__":"cc.Color","r":255,"g":255,"b":255},"_N$disabledColor":{"__type__":"cc.Color","r":255,"g":255,"b":255},"_N$normalSprite":{"__uuid__":"57x9iFms5EPLqiylaGTqaI"},"_N$pressedSprite":{"__uuid__":"e97GVMl6JHh5Ml5qEDdSGa"},"pressedSprite":{"__uuid__":"e97GVMl6JHh5Ml5qEDdSGa"},"_N$hoverSprite":{"__uuid__":"e97GVMl6JHh5Ml5qEDdSGa"},"hoverSprite":{"__uuid__":"e97GVMl6JHh5Ml5qEDdSGa"},"_N$disabledSprite":{"__uuid__":"29FYIk+N1GYaeWH/q1NxQO"},"_N$target":{"__id__":6}},{"__type__":"cc.Widget","node":{"__id__":6},"_alignFlags":9,"_left":35}],"_contentSize":{"__type__":"cc.Size","width":97,"height":97},"_position":{"__type__":"cc.Vec2","x":-291.5,"y":41.5}},{"__type__":"cc.Sprite","node":{"__id__":6},"_spriteFrame":{"__uuid__":"57x9iFms5EPLqiylaGTqaI"},"_type":1},{"__type__":"cc.Node","_name":"title","_parent":{"__id__":5},"_children":[{"__id__":9}],"_contentSize":{"__type__":"cc.Size","width":500,"height":85},"_position":{"__type__":"cc.Vec2","y":-33}},{"__type__":"cc.Node","_name":"Label","_parent":{"__id__":8},"_components":[{"__id__":10}],"_contentSize":{"__type__":"cc.Size","width":420.4,"height":80},"_position":{"__type__":"cc.Vec2","y":0.9}},{"__type__":"cc.Label","node":{"__id__":9},"_useOriginalSize":false,"_actualFontSize":64,"_fontSize":64,"_lineHeight":100,"_N$file":{"__uuid__":"93UdSFjxtCKb3q2dsOOHPX"},"_isSystemFontUsed":false,"_N$string":"Mazes World","_N$horizontalAlign":1,"_N$verticalAlign":1},{"__type__":"cc.Node","_name":"stars","_parent":{"__id__":5},"_children":[{"__id__":12},{"__id__":13}],"_components":[{"__type__":"cc.Widget","node":{"__id__":11},"_target":{"__id__":2},"_alignFlags":33}],"_contentSize":{"__type__":"cc.Size","width":158,"height":148},"_position":{"__type__":"cc.Vec2","x":296,"y":49.5}},{"__type__":"cc.Node","_name":"bg","_parent":{"__id__":11},"_components":[{"__type__":"cc.Sprite","node":{"__id__":12},"_spriteFrame":{"__uuid__":"25fnGuAghNqZL/SW4rEk2/"},"_sizeMode":2}],"_contentSize":{"__type__":"cc.Size","width":103,"height":95}},{"__type__":"cc.Node","_name":"Label","_parent":{"__id__":11},"_components":[{"__type__":"cc.Label","node":{"__id__":13},"_useOriginalSize":false,"_actualFontSize":23,"_fontSize":26,"_lineHeight":29.92,"_enableWrapText":false,"_N$file":{"__uuid__":"dd6UbvoYZMzp06hBS6li9f"},"_isSystemFontUsed":false,"_spacingX":-5,"_N$string":"0","_N$horizontalAlign":1,"_N$verticalAlign":1,"_N$overflow":2}],"_contentSize":{"__type__":"cc.Size","width":49.31,"height":24.76}},{"__type__":"cc.Node","_name":"contentPanel","_parent":{"__id__":4},"_children":[{"__id__":15},{"__id__":27}],"_components":[{"__type__":"cc.Widget","node":{"__id__":14},"_target":{"__id__":2},"_alignFlags":45,"_top":180}],"_contentSize":{"__type__":"cc.Size","width":750,"height":1155},"_position":{"__type__":"cc.Vec2","y":-90}},{"__type__":"cc.Node","_name":"missionItem","_parent":{"__id__":14},"_children":[{"__id__":16},{"__id__":17},{"__id__":18},{"__id__":21}],"_active":false,"_components":[{"__type__":"cc.Button","node":{"__id__":15},"clickEvents":[{"__type__":"cc.ClickEvent","target":{"__id__":4},"component":"MainView","handler":"onMissionItemClicked"}],"_N$target":{"__id__":15}}],"_contentSize":{"__type__":"cc.Size","width":600,"height":130},"_position":{"__type__":"cc.Vec2","y":418.5}},{"__type__":"cc.Node","_name":"bg","_parent":{"__id__":15},"_components":[{"__type__":"cc.Sprite","node":{"__id__":16},"_spriteFrame":{"__uuid__":"d0O/4tPGxFjJRi+JiXwEHF"},"_type":1,"_sizeMode":0},{"__type__":"cc.Widget","node":{"__id__":16},"_alignFlags":45,"_top":5,"_bottom":5,"_originalWidth":700,"_originalHeight":140}],"_contentSize":{"__type__":"cc.Size","width":600,"height":120}},{"__type__":"cc.Node","_name":"title","_parent":{"__id__":15},"_components":[{"__type__":"cc.Label","node":{"__id__":17},"_useOriginalSize":false,"_actualFontSize":39,"_fontSize":39,"_lineHeight":110,"_N$file":{"__uuid__":"93UdSFjxtCKb3q2dsOOHPX"},"_isSystemFontUsed":false,"_N$string":"CLASSIC","_N$verticalAlign":1},{"__type__":"cc.LabelOutline","node":{"__id__":17},"_color":{"__type__":"cc.Color","r":54,"g":8,"b":8}}],"_anchorPoint":{"__type__":"cc.Vec2","y":0.5},"_contentSize":{"__type__":"cc.Size","width":165.31,"height":53.63},"_position":{"__type__":"cc.Vec2","x":-284,"y":3}},{"__type__":"cc.Node","_name":"unlock","_parent":{"__id__":15},"_children":[{"__id__":19},{"__id__":20}],"_active":false,"_components":[{"__type__":"cc.Sprite","node":{"__id__":18},"_type":1,"_sizeMode":0}],"_contentSize":{"__type__":"cc.Size","width":134,"height":33},"_position":{"__type__":"cc.Vec2","x":199,"y":-4}},{"__type__":"cc.Node","_name":"icon_play","_parent":{"__id__":18},"_components":[{"__type__":"cc.Sprite","node":{"__id__":19},"_spriteFrame":{"__uuid__":"95zbSKFGZJoKiH25wN3MpX"}}],"_contentSize":{"__type__":"cc.Size","width":52,"height":59},"_position":{"__type__":"cc.Vec2","x":40,"y":4}},{"__type__":"cc.Node","_name":"count","_parent":{"__id__":18},"_components":[{"__type__":"cc.Label","node":{"__id__":20},"_useOriginalSize":false,"_actualFontSize":42,"_fontSize":42,"_lineHeight":42,"_N$string":"0/360","_N$horizontalAlign":2,"_N$verticalAlign":1,"_N$overflow":2},{"__type__":"cc.LabelOutline","node":{"__id__":20},"_color":{"__type__":"cc.Color","r":13,"g":71,"b":107,"a":190}}],"_color":{"__type__":"cc.Color","r":74,"g":130,"b":165},"_anchorPoint":{"__type__":"cc.Vec2","x":1,"y":0.5},"_contentSize":{"__type__":"cc.Size","width":188,"height":124},"_position":{"__type__":"cc.Vec2","x":-66.4}},{"__type__":"cc.Node","_name":"lock","_parent":{"__id__":15},"_children":[{"__id__":22},{"__id__":24},{"__id__":25},{"__id__":26}],"_components":[{"__type__":"cc.Sprite","node":{"__id__":21},"_type":1,"_sizeMode":0}],"_contentSize":{"__type__":"cc.Size","width":350,"height":33},"_position":{"__type__":"cc.Vec2","x":109,"y":2}},{"__type__":"cc.Node","_name":"icon_play","_parent":{"__id__":21},"_children":[{"__id__":23}],"_components":[{"__type__":"cc.Sprite","node":{"__id__":22},"_spriteFrame":{"__uuid__":"95EyWrX0NIyKskyz91zpAj"}}],"_contentSize":{"__type__":"cc.Size","width":70,"height":47},"_position":{"__type__":"cc.Vec2","x":133,"y":12}},{"__type__":"cc.Node","_name":"val","_parent":{"__id__":22},"_components":[{"__type__":"cc.Label","node":{"__id__":23},"_useOriginalSize":false,"_actualFontSize":21,"_fontSize":21,"_lineHeight":21,"_N$string":"0/3","_N$horizontalAlign":1,"_N$verticalAlign":1}],"_color":{"__type__":"cc.Color","g":66,"b":140},"_contentSize":{"__type__":"cc.Size","width":29,"height":21},"_position":{"__type__":"cc.Vec2","x":-1,"y":-40}},{"__type__":"cc.Node","_name":"count","_parent":{"__id__":21},"_components":[{"__type__":"cc.Label","node":{"__id__":24},"_useOriginalSize":false,"_actualFontSize":42,"_fontSize":42,"_lineHeight":42,"_N$string":"0/360","_N$horizontalAlign":1,"_N$verticalAlign":1,"_N$overflow":2},{"__type__":"cc.LabelOutline","node":{"__id__":24},"_color":{"__type__":"cc.Color","r":13,"g":71,"b":107,"a":190}}],"_color":{"__type__":"cc.Color","r":74,"g":130,"b":165},"_contentSize":{"__type__":"cc.Size","width":188,"height":124},"_position":{"__type__":"cc.Vec2","x":-40,"y":27}},{"__type__":"cc.Node","_name":"line","_parent":{"__id__":21},"_components":[{"__type__":"cc.Sprite","node":{"__id__":25},"_spriteFrame":{"__uuid__":"a2MjXRFdtLlYQ5ouAFv/+R"},"_sizeMode":0}],"_color":{"__type__":"cc.Color","r":135,"g":255,"b":228},"_contentSize":{"__type__":"cc.Size","width":150,"height":2},"_position":{"__type__":"cc.Vec2","x":-40,"y":3}},{"__type__":"cc.Node","_name":"tip","_parent":{"__id__":21},"_components":[{"__type__":"cc.Label","node":{"__id__":26},"_useOriginalSize":false,"_actualFontSize":21,"_fontSize":21,"_lineHeight":21,"_N$string":"watch 3 videos\n to unlock this new world","_N$horizontalAlign":1,"_N$verticalAlign":1}],"_color":{"__type__":"cc.Color","r":76,"g":130,"b":168},"_contentSize":{"__type__":"cc.Size","width":229,"height":42},"_position":{"__type__":"cc.Vec2","x":-34,"y":-22}},{"__type__":"cc.Node","_name":"ScrollView","_parent":{"__id__":14},"_children":[{"__id__":28}],"_components":[{"__type__":"cc.Sprite","node":{"__id__":27},"_type":1,"_sizeMode":0},{"__type__":"cc.ScrollView","node":{"__id__":27},"content":{"__id__":29},"horizontal":false,"brake":0.75,"bounceDuration":0.23,"_N$horizontalScrollBar":null,"_N$verticalScrollBar":null},{"__type__":"cc.Widget","node":{"__id__":27},"_alignFlags":45,"_top":70.625,"_bottom":10,"_originalWidth":240,"_originalHeight":250}],"_color":{"__type__":"cc.Color","r":184,"g":184,"b":184},"_contentSize":{"__type__":"cc.Size","width":750,"height":1074.375},"_position":{"__type__":"cc.Vec2","y":-30.3125}},{"__type__":"cc.Node","_name":"view","_parent":{"__id__":27},"_children":[{"__id__":29}],"_components":[{"__type__":"cc.Mask","node":{"__id__":28}},{"__type__":"cc.Widget","node":{"__id__":28},"_alignFlags":45,"_left":10,"_right":10,"_top":4,"_bottom":-4,"_originalWidth":240,"_originalHeight":250}],"_anchorPoint":{"__type__":"cc.Vec2","x":0.5,"y":1},"_contentSize":{"__type__":"cc.Size","width":730,"height":1074.375},"_position":{"__type__":"cc.Vec2","y":533.1875}},{"__type__":"cc.Node","_name":"content","_parent":{"__id__":28},"_components":[{"__type__":"cc.Layout","node":{"__id__":29},"_layoutSize":{"__type__":"cc.Size","width":700,"height":140},"_resize":1,"_N$layoutType":2,"_N$spacingX":-30,"_N$spacingY":10},{"__type__":"cc.Sprite","node":{"__id__":29},"_sizeMode":0}],"_anchorPoint":{"__type__":"cc.Vec2","x":0.5,"y":1},"_contentSize":{"__type__":"cc.Size","width":700,"height":140}},{"__type__":"cc.Node","_name":"noadsView","_parent":{"__id__":4},"_children":[{"__id__":31},{"__id__":32}],"_active":false,"_components":[{"__type__":"cc.Widget","node":{"__id__":30},"_target":{"__id__":4},"_alignFlags":45},{"__type__":"cc.BlockInputEvents","node":{"__id__":30}}],"_color":{"__type__":"cc.Color"},"_contentSize":{"__type__":"cc.Size","width":750,"height":1335}},{"__type__":"cc.Node","_name":"mask","_parent":{"__id__":30},"_components":[{"__type__":"cc.Widget","node":{"__id__":31},"_alignFlags":45,"_bottom":-50},{"__type__":"cc.Sprite","node":{"__id__":31},"_spriteFrame":{"__uuid__":"a2MjXRFdtLlYQ5ouAFv/+R"},"_sizeMode":0}],"_opacity":124,"_color":{"__type__":"cc.Color"},"_contentSize":{"__type__":"cc.Size","width":750,"height":1385},"_position":{"__type__":"cc.Vec2","y":-25}},{"__type__":"cc.Node","_name":"box","_parent":{"__id__":30},"_children":[{"__id__":33},{"__id__":34}],"_components":[{"__type__":"cc.Sprite","node":{"__id__":32},"_spriteFrame":{"__uuid__":"15ja2IdyRDz73qRltMprpd"},"_type":1,"_sizeMode":0}],"_color":{"__type__":"cc.Color","r":239,"g":239,"b":238},"_contentSize":{"__type__":"cc.Size","width":550,"height":459}},{"__type__":"cc.Node","_name":"New Label","_parent":{"__id__":32},"_components":[{"__type__":"cc.Label","node":{"__id__":33},"_useOriginalSize":false,"_N$string":"label_text.noads","_N$horizontalAlign":1,"_N$verticalAlign":1},{"__type__":"744dcs4DCdNprNhG0xwq6FK","node":{"__id__":33},"_dataID":"label_text.noads"}],"_color":{"__type__":"cc.Color","r":47,"g":103,"b":138},"_contentSize":{"__type__":"cc.Size","width":291,"height":40},"_position":{"__type__":"cc.Vec2","y":80}},{"__type__":"cc.Node","_name":"btn_4","_parent":{"__id__":32},"_children":[{"__id__":35}],"_components":[{"__type__":"cc.Sprite","node":{"__id__":34},"_spriteFrame":{"__uuid__":"c5dVsniT5HnbhDlNJD/RVu"},"_type":1,"_sizeMode":0},{"__type__":"cc.Button","node":{"__id__":34},"clickEvents":[{"__type__":"cc.ClickEvent","target":{"__id__":4},"component":"MainView","handler":"hideNoAds"}],"_N$target":{"__id__":34}}],"_contentSize":{"__type__":"cc.Size","width":437,"height":113},"_position":{"__type__":"cc.Vec2","y":-124}},{"__type__":"cc.Node","_name":"New Label","_parent":{"__id__":34},"_components":[{"__type__":"cc.Label","node":{"__id__":35},"_useOriginalSize":false,"_actualFontSize":42,"_fontSize":42,"_lineHeight":48,"_N$string":"label_text.later","_N$horizontalAlign":1,"_N$verticalAlign":1},{"__type__":"cc.LabelOutline","node":{"__id__":35},"_color":{"__type__":"cc.Color","a":151}},{"__type__":"744dcs4DCdNprNhG0xwq6FK","node":{"__id__":35},"_dataID":"label_text.later"}],"_contentSize":{"__type__":"cc.Size","width":275,"height":48},"_position":{"__type__":"cc.Vec2","y":4}},{"__type__":"cc.Node","_name":"levelView","_parent":{"__id__":2},"_children":[{"__id__":37},{"__id__":45}],"_active":false,"_components":[{"__type__":"cc.Widget","node":{"__id__":36},"_target":{"__id__":2},"_alignFlags":45,"_originalWidth":540,"_originalHeight":107},{"__type__":"f23f1EV0cJDq6BQzHk3MAdR","node":{"__id__":36},"title":{"__id__":41},"starts":{"__id__":44},"pageView":{"__id__":184},"content":{"__id__":181},"levelItem":{"__id__":46},"levelPage":{"__id__":52}}],"_contentSize":{"__type__":"cc.Size","width":750,"height":1335}},{"__type__":"cc.Node","_name":"top","_parent":{"__id__":36},"_children":[{"__id__":38},{"__id__":39},{"__id__":42}],"_components":[{"__type__":"cc.Widget","node":{"__id__":37},"_target":{"__id__":2},"_alignFlags":17,"_top":33.5}],"_contentSize":{"__type__":"cc.Size","width":750,"height":180},"_position":{"__type__":"cc.Vec2","y":544}},{"__type__":"cc.Node","_name":"backBtn","_parent":{"__id__":37},"_components":[{"__type__":"cc.Sprite","node":{"__id__":38},"_spriteFrame":{"__uuid__":"c1aXLBHMtKVYPN/d7F+qsC"},"_sizeMode":2},{"__type__":"cc.Button","node":{"__id__":38},"clickEvents":[{"__type__":"cc.ClickEvent","target":{"__id__":36},"component":"LevelView","handler":"onBackBtnClicked"}],"_N$target":{"__id__":38}},{"__type__":"cc.Widget","node":{"__id__":38},"_target":{"__id__":2},"_alignFlags":9,"_left":23.5,"_top":29}],"_contentSize":{"__type__":"cc.Size","width":97,"height":99},"_position":{"__type__":"cc.Vec2","x":-303,"y":45}},{"__type__":"cc.Node","_name":"title","_parent":{"__id__":37},"_children":[{"__id__":40}],"_contentSize":{"__type__":"cc.Size","width":500,"height":85},"_position":{"__type__":"cc.Vec2","y":-33}},{"__type__":"cc.Node","_name":"Label","_parent":{"__id__":39},"_components":[{"__id__":41}],"_contentSize":{"__type__":"cc.Size","height":80},"_position":{"__type__":"cc.Vec2","y":0.9}},{"__type__":"cc.Label","node":{"__id__":40},"_useOriginalSize":false,"_actualFontSize":64,"_fontSize":64,"_lineHeight":100,"_N$file":{"__uuid__":"93UdSFjxtCKb3q2dsOOHPX"},"_isSystemFontUsed":false,"_N$string":"","_N$horizontalAlign":1,"_N$verticalAlign":1},{"__type__":"cc.Node","_name":"stars","_parent":{"__id__":37},"_children":[{"__id__":43},{"__id__":44}],"_components":[{"__type__":"cc.Widget","node":{"__id__":42},"_target":{"__id__":2},"_alignFlags":33}],"_contentSize":{"__type__":"cc.Size","width":158,"height":148},"_position":{"__type__":"cc.Vec2","x":296,"y":49.5}},{"__type__":"cc.Node","_name":"bg","_parent":{"__id__":42},"_components":[{"__type__":"cc.Sprite","node":{"__id__":43},"_spriteFrame":{"__uuid__":"25fnGuAghNqZL/SW4rEk2/"},"_sizeMode":2}],"_contentSize":{"__type__":"cc.Size","width":103,"height":95}},{"__type__":"cc.Node","_name":"Label","_parent":{"__id__":42},"_components":[{"__type__":"cc.Label","node":{"__id__":44},"_useOriginalSize":false,"_actualFontSize":23,"_fontSize":26,"_lineHeight":29.92,"_enableWrapText":false,"_N$file":{"__uuid__":"dd6UbvoYZMzp06hBS6li9f"},"_isSystemFontUsed":false,"_spacingX":-5,"_N$string":"0","_N$horizontalAlign":1,"_N$verticalAlign":1,"_N$overflow":2}],"_contentSize":{"__type__":"cc.Size","width":49.31,"height":24.76}},{"__type__":"cc.Node","_name":"contentPanel","_parent":{"__id__":36},"_children":[{"__id__":46},{"__id__":52},{"__id__":179}],"_components":[{"__type__":"cc.Widget","node":{"__id__":45},"_target":{"__id__":2},"_alignFlags":45,"_top":180}],"_contentSize":{"__type__":"cc.Size","width":750,"height":1155},"_position":{"__type__":"cc.Vec2","y":-90}},{"__type__":"cc.Node","_name":"LevelItem","_parent":{"__id__":45},"_children":[{"__id__":47},{"__id__":49}],"_active":false,"_components":[{"__type__":"cc.Button","node":{"__id__":46},"clickEvents":[{"__type__":"cc.ClickEvent","target":{"__id__":36},"component":"LevelView","handler":"onLevelItemClicked"}],"_N$target":{"__id__":46}}],"_contentSize":{"__type__":"cc.Size","width":115,"height":115},"_position":{"__type__":"cc.Vec2","x":-280,"y":107}},{"__type__":"cc.Node","_name":"unlock","_parent":{"__id__":46},"_children":[{"__id__":48}],"_active":false,"_components":[{"__type__":"cc.Sprite","node":{"__id__":47},"_spriteFrame":{"__uuid__":"60DQKJLOxElrwCcSVTLmDj"},"_type":1,"_sizeMode":2}],"_contentSize":{"__type__":"cc.Size","width":110,"height":113}},{"__type__":"cc.Node","_name":"text","_parent":{"__id__":47},"_components":[{"__type__":"cc.Label","node":{"__id__":48},"_useOriginalSize":false,"_actualFontSize":64,"_fontSize":64,"_lineHeight":64,"_N$string":"1","_N$horizontalAlign":1,"_N$verticalAlign":1},{"__type__":"cc.LabelOutline","node":{"__id__":48},"_color":{"__type__":"cc.Color","a":128}}],"_color":{"__type__":"cc.Color","r":74,"g":129,"b":167},"_contentSize":{"__type__":"cc.Size","width":38,"height":64}},{"__type__":"cc.Node","_name":"lock","_parent":{"__id__":46},"_children":[{"__id__":50},{"__id__":51}],"_active":false,"_components":[{"__type__":"cc.Sprite","node":{"__id__":49},"_spriteFrame":{"__uuid__":"f3AKPO2tNJ3ayexfkal6pf"},"_type":1,"_sizeMode":2}],"_contentSize":{"__type__":"cc.Size","width":103,"height":106}},{"__type__":"cc.Node","_name":"text","_parent":{"__id__":49},"_components":[{"__type__":"cc.Label","node":{"__id__":50},"_useOriginalSize":false,"_actualFontSize":64,"_fontSize":64,"_lineHeight":64,"_N$string":"1","_N$horizontalAlign":1,"_N$verticalAlign":1}],"_color":{"__type__":"cc.Color","r":53,"g":90,"b":116},"_contentSize":{"__type__":"cc.Size","width":36,"height":64}},{"__type__":"cc.Node","_name":"lock","_parent":{"__id__":49},"_components":[{"__type__":"cc.Sprite","node":{"__id__":51},"_spriteFrame":{"__uuid__":"edXonkM69CnqnfXIOPc/rR"}}],"_contentSize":{"__type__":"cc.Size","width":25,"height":31},"_position":{"__type__":"cc.Vec2","y":41.5}},{"__type__":"cc.Node","_name":"page","_parent":{"__id__":45},"_children":[{"__id__":53}],"_active":false,"_anchorPoint":{"__type__":"cc.Vec2","x":0.5,"y":1},"_contentSize":{"__type__":"cc.Size","width":750,"height":850},"_position":{"__type__":"cc.Vec2","y":100}},{"__type__":"cc.Node","_name":"content","_parent":{"__id__":52},"_children":[{"__id__":54},{"__id__":59},{"__id__":64},{"__id__":69},{"__id__":74},{"__id__":79},{"__id__":84},{"__id__":89},{"__id__":94},{"__id__":99},{"__id__":104},{"__id__":109},{"__id__":114},{"__id__":119},{"__id__":124},{"__id__":129},{"__id__":134},{"__id__":139},{"__id__":144},{"__id__":149},{"__id__":154},{"__id__":159},{"__id__":164},{"__id__":169},{"__id__":174}],"_components":[{"__type__":"cc.Widget","node":{"__id__":53},"_target":{"__id__":52},"_alignFlags":1,"_left":375,"_right":375,"_top":141,"_bottom":392},{"__type__":"cc.Layout","node":{"__id__":53},"_layoutSize":{"__type__":"cc.Size","width":680,"height":775},"_resize":1,"_N$layoutType":3,"_N$cellSize":{"__type__":"cc.Size","width":120,"height":40},"_N$spacingX":18.7,"_N$spacingY":50}],"_anchorPoint":{"__type__":"cc.Vec2","x":0.5,"y":1},"_contentSize":{"__type__":"cc.Size","width":680,"height":775},"_position":{"__type__":"cc.Vec2","y":-141}},{"__type__":"cc.Node","_name":"1","_parent":{"__id__":53},"_children":[{"__id__":55},{"__id__":57}],"_components":[{"__type__":"cc.Button","node":{"__id__":54},"clickEvents":[{"__type__":"cc.ClickEvent","target":{"__id__":36},"component":"LevelView","handler":"onLevelItemClicked"}],"_N$target":{"__id__":54}}],"_contentSize":{"__type__":"cc.Size","width":115,"height":115},"_position":{"__type__":"cc.Vec2","x":-282.5,"y":-57.5}},{"__type__":"cc.Node","_name":"unlock","_parent":{"__id__":54},"_children":[{"__id__":56}],"_components":[{"__type__":"cc.Sprite","node":{"__id__":55},"_spriteFrame":{"__uuid__":"60DQKJLOxElrwCcSVTLmDj"},"_type":1,"_sizeMode":2}],"_contentSize":{"__type__":"cc.Size","width":110,"height":113}},{"__type__":"cc.Node","_name":"text","_parent":{"__id__":55},"_components":[{"__type__":"cc.Label","node":{"__id__":56},"_useOriginalSize":false,"_actualFontSize":64,"_fontSize":64,"_lineHeight":64,"_N$string":"1","_N$horizontalAlign":1,"_N$verticalAlign":1},{"__type__":"cc.LabelOutline","node":{"__id__":56},"_color":{"__type__":"cc.Color","a":128}}],"_color":{"__type__":"cc.Color","r":74,"g":129,"b":167},"_contentSize":{"__type__":"cc.Size","width":38,"height":64}},{"__type__":"cc.Node","_name":"lock","_parent":{"__id__":54},"_children":[{"__id__":58}],"_active":false,"_components":[{"__type__":"cc.Sprite","node":{"__id__":57},"_spriteFrame":{"__uuid__":"f3AKPO2tNJ3ayexfkal6pf"},"_type":1,"_sizeMode":2}],"_contentSize":{"__type__":"cc.Size","width":103,"height":106}},{"__type__":"cc.Node","_name":"text","_parent":{"__id__":57},"_components":[{"__type__":"cc.Label","node":{"__id__":58},"_useOriginalSize":false,"_actualFontSize":64,"_fontSize":64,"_lineHeight":64,"_N$string":"1","_N$horizontalAlign":1,"_N$verticalAlign":1}],"_color":{"__type__":"cc.Color","r":53,"g":90,"b":116},"_contentSize":{"__type__":"cc.Size","width":36,"height":64}},{"__type__":"cc.Node","_name":"2","_parent":{"__id__":53},"_children":[{"__id__":60},{"__id__":62}],"_components":[{"__type__":"cc.Button","node":{"__id__":59},"clickEvents":[{"__type__":"cc.ClickEvent","target":{"__id__":36},"component":"LevelView","handler":"onLevelItemClicked"}],"_N$target":{"__id__":59}}],"_contentSize":{"__type__":"cc.Size","width":115,"height":115},"_position":{"__type__":"cc.Vec2","x":-148.8,"y":-57.5}},{"__type__":"cc.Node","_name":"unlock","_parent":{"__id__":59},"_children":[{"__id__":61}],"_components":[{"__type__":"cc.Sprite","node":{"__id__":60},"_spriteFrame":{"__uuid__":"60DQKJLOxElrwCcSVTLmDj"},"_type":1,"_sizeMode":2}],"_contentSize":{"__type__":"cc.Size","width":110,"height":113}},{"__type__":"cc.Node","_name":"text","_parent":{"__id__":60},"_components":[{"__type__":"cc.Label","node":{"__id__":61},"_useOriginalSize":false,"_actualFontSize":64,"_fontSize":64,"_lineHeight":64,"_N$string":"1","_N$horizontalAlign":1,"_N$verticalAlign":1},{"__type__":"cc.LabelOutline","node":{"__id__":61},"_color":{"__type__":"cc.Color","a":128}}],"_color":{"__type__":"cc.Color","r":74,"g":129,"b":167},"_contentSize":{"__type__":"cc.Size","width":36,"height":64}},{"__type__":"cc.Node","_name":"lock","_parent":{"__id__":59},"_children":[{"__id__":63}],"_active":false,"_components":[{"__type__":"cc.Sprite","node":{"__id__":62},"_spriteFrame":{"__uuid__":"f3AKPO2tNJ3ayexfkal6pf"},"_type":1,"_sizeMode":2}],"_contentSize":{"__type__":"cc.Size","width":103,"height":106}},{"__type__":"cc.Node","_name":"text","_parent":{"__id__":62},"_components":[{"__type__":"cc.Label","node":{"__id__":63},"_useOriginalSize":false,"_actualFontSize":64,"_fontSize":64,"_lineHeight":64,"_N$string":"1","_N$horizontalAlign":1,"_N$verticalAlign":1}],"_color":{"__type__":"cc.Color","r":53,"g":90,"b":116},"_contentSize":{"__type__":"cc.Size","width":36,"height":64}},{"__type__":"cc.Node","_name":"3","_parent":{"__id__":53},"_children":[{"__id__":65},{"__id__":67}],"_components":[{"__type__":"cc.Button","node":{"__id__":64},"clickEvents":[{"__type__":"cc.ClickEvent","target":{"__id__":36},"component":"LevelView","handler":"onLevelItemClicked"}],"_N$target":{"__id__":64}}],"_contentSize":{"__type__":"cc.Size","width":115,"height":115},"_position":{"__type__":"cc.Vec2","x":-15.100000000000012,"y":-57.5}},{"__type__":"cc.Node","_name":"unlock","_parent":{"__id__":64},"_children":[{"__id__":66}],"_components":[{"__type__":"cc.Sprite","node":{"__id__":65},"_spriteFrame":{"__uuid__":"60DQKJLOxElrwCcSVTLmDj"},"_type":1,"_sizeMode":2}],"_contentSize":{"__type__":"cc.Size","width":110,"height":113}},{"__type__":"cc.Node","_name":"text","_parent":{"__id__":65},"_components":[{"__type__":"cc.Label","node":{"__id__":66},"_useOriginalSize":false,"_actualFontSize":64,"_fontSize":64,"_lineHeight":64,"_N$string":"1","_N$horizontalAlign":1,"_N$verticalAlign":1},{"__type__":"cc.LabelOutline","node":{"__id__":66},"_color":{"__type__":"cc.Color","a":128}}],"_color":{"__type__":"cc.Color","r":74,"g":129,"b":167},"_contentSize":{"__type__":"cc.Size","width":36,"height":64}},{"__type__":"cc.Node","_name":"lock","_parent":{"__id__":64},"_children":[{"__id__":68}],"_active":false,"_components":[{"__type__":"cc.Sprite","node":{"__id__":67},"_spriteFrame":{"__uuid__":"f3AKPO2tNJ3ayexfkal6pf"},"_type":1,"_sizeMode":2}],"_contentSize":{"__type__":"cc.Size","width":103,"height":106}},{"__type__":"cc.Node","_name":"text","_parent":{"__id__":67},"_components":[{"__type__":"cc.Label","node":{"__id__":68},"_useOriginalSize":false,"_actualFontSize":64,"_fontSize":64,"_lineHeight":64,"_N$string":"1","_N$horizontalAlign":1,"_N$verticalAlign":1}],"_color":{"__type__":"cc.Color","r":53,"g":90,"b":116},"_contentSize":{"__type__":"cc.Size","width":36,"height":64}},{"__type__":"cc.Node","_name":"4","_parent":{"__id__":53},"_children":[{"__id__":70},{"__id__":72}],"_components":[{"__type__":"cc.Button","node":{"__id__":69},"clickEvents":[{"__type__":"cc.ClickEvent","target":{"__id__":36},"component":"LevelView","handler":"onLevelItemClicked"}],"_N$target":{"__id__":69}}],"_contentSize":{"__type__":"cc.Size","width":115,"height":115},"_position":{"__type__":"cc.Vec2","x":118.6,"y":-57.5}},{"__type__":"cc.Node","_name":"unlock","_parent":{"__id__":69},"_children":[{"__id__":71}],"_components":[{"__type__":"cc.Sprite","node":{"__id__":70},"_spriteFrame":{"__uuid__":"60DQKJLOxElrwCcSVTLmDj"},"_type":1,"_sizeMode":2}],"_contentSize":{"__type__":"cc.Size","width":110,"height":113}},{"__type__":"cc.Node","_name":"text","_parent":{"__id__":70},"_components":[{"__type__":"cc.Label","node":{"__id__":71},"_useOriginalSize":false,"_actualFontSize":64,"_fontSize":64,"_lineHeight":64,"_N$string":"1","_N$horizontalAlign":1,"_N$verticalAlign":1},{"__type__":"cc.LabelOutline","node":{"__id__":71},"_color":{"__type__":"cc.Color","a":128}}],"_color":{"__type__":"cc.Color","r":74,"g":129,"b":167},"_contentSize":{"__type__":"cc.Size","width":36,"height":64}},{"__type__":"cc.Node","_name":"lock","_parent":{"__id__":69},"_children":[{"__id__":73}],"_active":false,"_components":[{"__type__":"cc.Sprite","node":{"__id__":72},"_spriteFrame":{"__uuid__":"f3AKPO2tNJ3ayexfkal6pf"},"_type":1,"_sizeMode":2}],"_contentSize":{"__type__":"cc.Size","width":103,"height":106}},{"__type__":"cc.Node","_name":"text","_parent":{"__id__":72},"_components":[{"__type__":"cc.Label","node":{"__id__":73},"_useOriginalSize":false,"_actualFontSize":64,"_fontSize":64,"_lineHeight":64,"_N$string":"1","_N$horizontalAlign":1,"_N$verticalAlign":1}],"_color":{"__type__":"cc.Color","r":53,"g":90,"b":116},"_contentSize":{"__type__":"cc.Size","width":36,"height":64}},{"__type__":"cc.Node","_name":"5","_parent":{"__id__":53},"_children":[{"__id__":75},{"__id__":77}],"_components":[{"__type__":"cc.Button","node":{"__id__":74},"clickEvents":[{"__type__":"cc.ClickEvent","target":{"__id__":36},"component":"LevelView","handler":"onLevelItemClicked"}],"_N$target":{"__id__":74}}],"_contentSize":{"__type__":"cc.Size","width":115,"height":115},"_position":{"__type__":"cc.Vec2","x":252.29999999999998,"y":-57.5}},{"__type__":"cc.Node","_name":"unlock","_parent":{"__id__":74},"_children":[{"__id__":76}],"_components":[{"__type__":"cc.Sprite","node":{"__id__":75},"_spriteFrame":{"__uuid__":"60DQKJLOxElrwCcSVTLmDj"},"_type":1,"_sizeMode":2}],"_contentSize":{"__type__":"cc.Size","width":110,"height":113}},{"__type__":"cc.Node","_name":"text","_parent":{"__id__":75},"_components":[{"__type__":"cc.Label","node":{"__id__":76},"_useOriginalSize":false,"_actualFontSize":64,"_fontSize":64,"_lineHeight":64,"_N$string":"1","_N$horizontalAlign":1,"_N$verticalAlign":1},{"__type__":"cc.LabelOutline","node":{"__id__":76},"_color":{"__type__":"cc.Color","a":128}}],"_color":{"__type__":"cc.Color","r":74,"g":129,"b":167},"_contentSize":{"__type__":"cc.Size","width":36,"height":64}},{"__type__":"cc.Node","_name":"lock","_parent":{"__id__":74},"_children":[{"__id__":78}],"_active":false,"_components":[{"__type__":"cc.Sprite","node":{"__id__":77},"_spriteFrame":{"__uuid__":"f3AKPO2tNJ3ayexfkal6pf"},"_type":1,"_sizeMode":2}],"_contentSize":{"__type__":"cc.Size","width":103,"height":106}},{"__type__":"cc.Node","_name":"text","_parent":{"__id__":77},"_components":[{"__type__":"cc.Label","node":{"__id__":78},"_useOriginalSize":false,"_actualFontSize":64,"_fontSize":64,"_lineHeight":64,"_N$string":"1","_N$horizontalAlign":1,"_N$verticalAlign":1}],"_color":{"__type__":"cc.Color","r":53,"g":90,"b":116},"_contentSize":{"__type__":"cc.Size","width":36,"height":64}},{"__type__":"cc.Node","_name":"6","_parent":{"__id__":53},"_children":[{"__id__":80},{"__id__":82}],"_components":[{"__type__":"cc.Button","node":{"__id__":79},"clickEvents":[{"__type__":"cc.ClickEvent","target":{"__id__":36},"component":"LevelView","handler":"onLevelItemClicked"}],"_N$target":{"__id__":79}}],"_contentSize":{"__type__":"cc.Size","width":115,"height":115},"_position":{"__type__":"cc.Vec2","x":-282.5,"y":-222.5}},{"__type__":"cc.Node","_name":"unlock","_parent":{"__id__":79},"_children":[{"__id__":81}],"_components":[{"__type__":"cc.Sprite","node":{"__id__":80},"_spriteFrame":{"__uuid__":"60DQKJLOxElrwCcSVTLmDj"},"_type":1,"_sizeMode":2}],"_contentSize":{"__type__":"cc.Size","width":110,"height":113}},{"__type__":"cc.Node","_name":"text","_parent":{"__id__":80},"_components":[{"__type__":"cc.Label","node":{"__id__":81},"_useOriginalSize":false,"_actualFontSize":64,"_fontSize":64,"_lineHeight":64,"_N$string":"1","_N$horizontalAlign":1,"_N$verticalAlign":1},{"__type__":"cc.LabelOutline","node":{"__id__":81},"_color":{"__type__":"cc.Color","a":128}}],"_color":{"__type__":"cc.Color","r":74,"g":129,"b":167},"_contentSize":{"__type__":"cc.Size","width":36,"height":64}},{"__type__":"cc.Node","_name":"lock","_parent":{"__id__":79},"_children":[{"__id__":83}],"_active":false,"_components":[{"__type__":"cc.Sprite","node":{"__id__":82},"_spriteFrame":{"__uuid__":"f3AKPO2tNJ3ayexfkal6pf"},"_type":1,"_sizeMode":2}],"_contentSize":{"__type__":"cc.Size","width":103,"height":106}},{"__type__":"cc.Node","_name":"text","_parent":{"__id__":82},"_components":[{"__type__":"cc.Label","node":{"__id__":83},"_useOriginalSize":false,"_actualFontSize":64,"_fontSize":64,"_lineHeight":64,"_N$string":"1","_N$horizontalAlign":1,"_N$verticalAlign":1}],"_color":{"__type__":"cc.Color","r":53,"g":90,"b":116},"_contentSize":{"__type__":"cc.Size","width":36,"height":64}},{"__type__":"cc.Node","_name":"7","_parent":{"__id__":53},"_children":[{"__id__":85},{"__id__":87}],"_components":[{"__type__":"cc.Button","node":{"__id__":84},"clickEvents":[{"__type__":"cc.ClickEvent","target":{"__id__":36},"component":"LevelView","handler":"onLevelItemClicked"}],"_N$target":{"__id__":84}}],"_contentSize":{"__type__":"cc.Size","width":115,"height":115},"_position":{"__type__":"cc.Vec2","x":-148.8,"y":-222.5}},{"__type__":"cc.Node","_name":"unlock","_parent":{"__id__":84},"_children":[{"__id__":86}],"_components":[{"__type__":"cc.Sprite","node":{"__id__":85},"_spriteFrame":{"__uuid__":"60DQKJLOxElrwCcSVTLmDj"},"_type":1,"_sizeMode":2}],"_contentSize":{"__type__":"cc.Size","width":110,"height":113}},{"__type__":"cc.Node","_name":"text","_parent":{"__id__":85},"_components":[{"__type__":"cc.Label","node":{"__id__":86},"_useOriginalSize":false,"_actualFontSize":64,"_fontSize":64,"_lineHeight":64,"_N$string":"1","_N$horizontalAlign":1,"_N$verticalAlign":1},{"__type__":"cc.LabelOutline","node":{"__id__":86},"_color":{"__type__":"cc.Color","a":128}}],"_color":{"__type__":"cc.Color","r":74,"g":129,"b":167},"_contentSize":{"__type__":"cc.Size","width":36,"height":64}},{"__type__":"cc.Node","_name":"lock","_parent":{"__id__":84},"_children":[{"__id__":88}],"_active":false,"_components":[{"__type__":"cc.Sprite","node":{"__id__":87},"_spriteFrame":{"__uuid__":"f3AKPO2tNJ3ayexfkal6pf"},"_type":1,"_sizeMode":2}],"_contentSize":{"__type__":"cc.Size","width":103,"height":106}},{"__type__":"cc.Node","_name":"text","_parent":{"__id__":87},"_components":[{"__type__":"cc.Label","node":{"__id__":88},"_useOriginalSize":false,"_actualFontSize":64,"_fontSize":64,"_lineHeight":64,"_N$string":"1","_N$horizontalAlign":1,"_N$verticalAlign":1}],"_color":{"__type__":"cc.Color","r":53,"g":90,"b":116},"_contentSize":{"__type__":"cc.Size","width":36,"height":64}},{"__type__":"cc.Node","_name":"8","_parent":{"__id__":53},"_children":[{"__id__":90},{"__id__":92}],"_components":[{"__type__":"cc.Button","node":{"__id__":89},"clickEvents":[{"__type__":"cc.ClickEvent","target":{"__id__":36},"component":"LevelView","handler":"onLevelItemClicked"}],"_N$target":{"__id__":89}}],"_contentSize":{"__type__":"cc.Size","width":115,"height":115},"_position":{"__type__":"cc.Vec2","x":-15.100000000000012,"y":-222.5}},{"__type__":"cc.Node","_name":"unlock","_parent":{"__id__":89},"_children":[{"__id__":91}],"_components":[{"__type__":"cc.Sprite","node":{"__id__":90},"_spriteFrame":{"__uuid__":"60DQKJLOxElrwCcSVTLmDj"},"_type":1,"_sizeMode":2}],"_contentSize":{"__type__":"cc.Size","width":110,"height":113}},{"__type__":"cc.Node","_name":"text","_parent":{"__id__":90},"_components":[{"__type__":"cc.Label","node":{"__id__":91},"_useOriginalSize":false,"_actualFontSize":64,"_fontSize":64,"_lineHeight":64,"_N$string":"1","_N$horizontalAlign":1,"_N$verticalAlign":1},{"__type__":"cc.LabelOutline","node":{"__id__":91},"_color":{"__type__":"cc.Color","a":128}}],"_color":{"__type__":"cc.Color","r":74,"g":129,"b":167},"_contentSize":{"__type__":"cc.Size","width":36,"height":64}},{"__type__":"cc.Node","_name":"lock","_parent":{"__id__":89},"_children":[{"__id__":93}],"_active":false,"_components":[{"__type__":"cc.Sprite","node":{"__id__":92},"_spriteFrame":{"__uuid__":"f3AKPO2tNJ3ayexfkal6pf"},"_type":1,"_sizeMode":2}],"_contentSize":{"__type__":"cc.Size","width":103,"height":106}},{"__type__":"cc.Node","_name":"text","_parent":{"__id__":92},"_components":[{"__type__":"cc.Label","node":{"__id__":93},"_useOriginalSize":false,"_actualFontSize":64,"_fontSize":64,"_lineHeight":64,"_N$string":"1","_N$horizontalAlign":1,"_N$verticalAlign":1}],"_color":{"__type__":"cc.Color","r":53,"g":90,"b":116},"_contentSize":{"__type__":"cc.Size","width":36,"height":64}},{"__type__":"cc.Node","_name":"9","_parent":{"__id__":53},"_children":[{"__id__":95},{"__id__":97}],"_components":[{"__type__":"cc.Button","node":{"__id__":94},"clickEvents":[{"__type__":"cc.ClickEvent","target":{"__id__":36},"component":"LevelView","handler":"onLevelItemClicked"}],"_N$target":{"__id__":94}}],"_contentSize":{"__type__":"cc.Size","width":115,"height":115},"_position":{"__type__":"cc.Vec2","x":118.6,"y":-222.5}},{"__type__":"cc.Node","_name":"unlock","_parent":{"__id__":94},"_children":[{"__id__":96}],"_components":[{"__type__":"cc.Sprite","node":{"__id__":95},"_spriteFrame":{"__uuid__":"60DQKJLOxElrwCcSVTLmDj"},"_type":1,"_sizeMode":2}],"_contentSize":{"__type__":"cc.Size","width":110,"height":113}},{"__type__":"cc.Node","_name":"text","_parent":{"__id__":95},"_components":[{"__type__":"cc.Label","node":{"__id__":96},"_useOriginalSize":false,"_actualFontSize":64,"_fontSize":64,"_lineHeight":64,"_N$string":"1","_N$horizontalAlign":1,"_N$verticalAlign":1},{"__type__":"cc.LabelOutline","node":{"__id__":96},"_color":{"__type__":"cc.Color","a":128}}],"_color":{"__type__":"cc.Color","r":74,"g":129,"b":167},"_contentSize":{"__type__":"cc.Size","width":36,"height":64}},{"__type__":"cc.Node","_name":"lock","_parent":{"__id__":94},"_children":[{"__id__":98}],"_active":false,"_components":[{"__type__":"cc.Sprite","node":{"__id__":97},"_spriteFrame":{"__uuid__":"f3AKPO2tNJ3ayexfkal6pf"},"_type":1,"_sizeMode":2}],"_contentSize":{"__type__":"cc.Size","width":103,"height":106}},{"__type__":"cc.Node","_name":"text","_parent":{"__id__":97},"_components":[{"__type__":"cc.Label","node":{"__id__":98},"_useOriginalSize":false,"_actualFontSize":64,"_fontSize":64,"_lineHeight":64,"_N$string":"1","_N$horizontalAlign":1,"_N$verticalAlign":1}],"_color":{"__type__":"cc.Color","r":53,"g":90,"b":116},"_contentSize":{"__type__":"cc.Size","width":36,"height":64}},{"__type__":"cc.Node","_name":"10","_parent":{"__id__":53},"_children":[{"__id__":100},{"__id__":102}],"_components":[{"__type__":"cc.Button","node":{"__id__":99},"clickEvents":[{"__type__":"cc.ClickEvent","target":{"__id__":36},"component":"LevelView","handler":"onLevelItemClicked"}],"_N$target":{"__id__":99}}],"_contentSize":{"__type__":"cc.Size","width":115,"height":115},"_position":{"__type__":"cc.Vec2","x":252.29999999999998,"y":-222.5}},{"__type__":"cc.Node","_name":"unlock","_parent":{"__id__":99},"_children":[{"__id__":101}],"_components":[{"__type__":"cc.Sprite","node":{"__id__":100},"_spriteFrame":{"__uuid__":"60DQKJLOxElrwCcSVTLmDj"},"_type":1,"_sizeMode":2}],"_contentSize":{"__type__":"cc.Size","width":110,"height":113}},{"__type__":"cc.Node","_name":"text","_parent":{"__id__":100},"_components":[{"__type__":"cc.Label","node":{"__id__":101},"_useOriginalSize":false,"_actualFontSize":64,"_fontSize":64,"_lineHeight":64,"_N$string":"1","_N$horizontalAlign":1,"_N$verticalAlign":1},{"__type__":"cc.LabelOutline","node":{"__id__":101},"_color":{"__type__":"cc.Color","a":128}}],"_color":{"__type__":"cc.Color","r":74,"g":129,"b":167},"_contentSize":{"__type__":"cc.Size","width":36,"height":64}},{"__type__":"cc.Node","_name":"lock","_parent":{"__id__":99},"_children":[{"__id__":103}],"_active":false,"_components":[{"__type__":"cc.Sprite","node":{"__id__":102},"_spriteFrame":{"__uuid__":"f3AKPO2tNJ3ayexfkal6pf"},"_type":1,"_sizeMode":2}],"_contentSize":{"__type__":"cc.Size","width":103,"height":106}},{"__type__":"cc.Node","_name":"text","_parent":{"__id__":102},"_components":[{"__type__":"cc.Label","node":{"__id__":103},"_useOriginalSize":false,"_actualFontSize":64,"_fontSize":64,"_lineHeight":64,"_N$string":"1","_N$horizontalAlign":1,"_N$verticalAlign":1}],"_color":{"__type__":"cc.Color","r":53,"g":90,"b":116},"_contentSize":{"__type__":"cc.Size","width":36,"height":64}},{"__type__":"cc.Node","_name":"11","_parent":{"__id__":53},"_children":[{"__id__":105},{"__id__":107}],"_components":[{"__type__":"cc.Button","node":{"__id__":104},"clickEvents":[{"__type__":"cc.ClickEvent","target":{"__id__":36},"component":"LevelView","handler":"onLevelItemClicked"}],"_N$target":{"__id__":104}}],"_contentSize":{"__type__":"cc.Size","width":115,"height":115},"_position":{"__type__":"cc.Vec2","x":-282.5,"y":-387.5}},{"__type__":"cc.Node","_name":"unlock","_parent":{"__id__":104},"_children":[{"__id__":106}],"_components":[{"__type__":"cc.Sprite","node":{"__id__":105},"_spriteFrame":{"__uuid__":"60DQKJLOxElrwCcSVTLmDj"},"_type":1,"_sizeMode":2}],"_contentSize":{"__type__":"cc.Size","width":110,"height":113}},{"__type__":"cc.Node","_name":"text","_parent":{"__id__":105},"_components":[{"__type__":"cc.Label","node":{"__id__":106},"_useOriginalSize":false,"_actualFontSize":64,"_fontSize":64,"_lineHeight":64,"_N$string":"1","_N$horizontalAlign":1,"_N$verticalAlign":1},{"__type__":"cc.LabelOutline","node":{"__id__":106},"_color":{"__type__":"cc.Color","a":128}}],"_color":{"__type__":"cc.Color","r":74,"g":129,"b":167},"_contentSize":{"__type__":"cc.Size","width":36,"height":64}},{"__type__":"cc.Node","_name":"lock","_parent":{"__id__":104},"_children":[{"__id__":108}],"_active":false,"_components":[{"__type__":"cc.Sprite","node":{"__id__":107},"_spriteFrame":{"__uuid__":"f3AKPO2tNJ3ayexfkal6pf"},"_type":1,"_sizeMode":2}],"_contentSize":{"__type__":"cc.Size","width":103,"height":106}},{"__type__":"cc.Node","_name":"text","_parent":{"__id__":107},"_components":[{"__type__":"cc.Label","node":{"__id__":108},"_useOriginalSize":false,"_actualFontSize":64,"_fontSize":64,"_lineHeight":64,"_N$string":"1","_N$horizontalAlign":1,"_N$verticalAlign":1}],"_color":{"__type__":"cc.Color","r":53,"g":90,"b":116},"_contentSize":{"__type__":"cc.Size","width":36,"height":64}},{"__type__":"cc.Node","_name":"12","_parent":{"__id__":53},"_children":[{"__id__":110},{"__id__":112}],"_components":[{"__type__":"cc.Button","node":{"__id__":109},"clickEvents":[{"__type__":"cc.ClickEvent","target":{"__id__":36},"component":"LevelView","handler":"onLevelItemClicked"}],"_N$target":{"__id__":109}}],"_contentSize":{"__type__":"cc.Size","width":115,"height":115},"_position":{"__type__":"cc.Vec2","x":-148.8,"y":-387.5}},{"__type__":"cc.Node","_name":"unlock","_parent":{"__id__":109},"_children":[{"__id__":111}],"_components":[{"__type__":"cc.Sprite","node":{"__id__":110},"_spriteFrame":{"__uuid__":"60DQKJLOxElrwCcSVTLmDj"},"_type":1,"_sizeMode":2}],"_contentSize":{"__type__":"cc.Size","width":110,"height":113}},{"__type__":"cc.Node","_name":"text","_parent":{"__id__":110},"_components":[{"__type__":"cc.Label","node":{"__id__":111},"_useOriginalSize":false,"_actualFontSize":64,"_fontSize":64,"_lineHeight":64,"_N$string":"1","_N$horizontalAlign":1,"_N$verticalAlign":1},{"__type__":"cc.LabelOutline","node":{"__id__":111},"_color":{"__type__":"cc.Color","a":128}}],"_color":{"__type__":"cc.Color","r":74,"g":129,"b":167},"_contentSize":{"__type__":"cc.Size","width":36,"height":64}},{"__type__":"cc.Node","_name":"lock","_parent":{"__id__":109},"_children":[{"__id__":113}],"_active":false,"_components":[{"__type__":"cc.Sprite","node":{"__id__":112},"_spriteFrame":{"__uuid__":"f3AKPO2tNJ3ayexfkal6pf"},"_type":1,"_sizeMode":2}],"_contentSize":{"__type__":"cc.Size","width":103,"height":106}},{"__type__":"cc.Node","_name":"text","_parent":{"__id__":112},"_components":[{"__type__":"cc.Label","node":{"__id__":113},"_useOriginalSize":false,"_actualFontSize":64,"_fontSize":64,"_lineHeight":64,"_N$string":"1","_N$horizontalAlign":1,"_N$verticalAlign":1}],"_color":{"__type__":"cc.Color","r":53,"g":90,"b":116},"_contentSize":{"__type__":"cc.Size","width":36,"height":64}},{"__type__":"cc.Node","_name":"13","_parent":{"__id__":53},"_children":[{"__id__":115},{"__id__":117}],"_components":[{"__type__":"cc.Button","node":{"__id__":114},"clickEvents":[{"__type__":"cc.ClickEvent","target":{"__id__":36},"component":"LevelView","handler":"onLevelItemClicked"}],"_N$target":{"__id__":114}}],"_contentSize":{"__type__":"cc.Size","width":115,"height":115},"_position":{"__type__":"cc.Vec2","x":-15.100000000000012,"y":-387.5}},{"__type__":"cc.Node","_name":"unlock","_parent":{"__id__":114},"_children":[{"__id__":116}],"_components":[{"__type__":"cc.Sprite","node":{"__id__":115},"_spriteFrame":{"__uuid__":"60DQKJLOxElrwCcSVTLmDj"},"_type":1,"_sizeMode":2}],"_contentSize":{"__type__":"cc.Size","width":110,"height":113}},{"__type__":"cc.Node","_name":"text","_parent":{"__id__":115},"_components":[{"__type__":"cc.Label","node":{"__id__":116},"_useOriginalSize":false,"_actualFontSize":64,"_fontSize":64,"_lineHeight":64,"_N$string":"1","_N$horizontalAlign":1,"_N$verticalAlign":1},{"__type__":"cc.LabelOutline","node":{"__id__":116},"_color":{"__type__":"cc.Color","a":128}}],"_color":{"__type__":"cc.Color","r":74,"g":129,"b":167},"_contentSize":{"__type__":"cc.Size","width":36,"height":64}},{"__type__":"cc.Node","_name":"lock","_parent":{"__id__":114},"_children":[{"__id__":118}],"_active":false,"_components":[{"__type__":"cc.Sprite","node":{"__id__":117},"_spriteFrame":{"__uuid__":"f3AKPO2tNJ3ayexfkal6pf"},"_type":1,"_sizeMode":2}],"_contentSize":{"__type__":"cc.Size","width":103,"height":106}},{"__type__":"cc.Node","_name":"text","_parent":{"__id__":117},"_components":[{"__type__":"cc.Label","node":{"__id__":118},"_useOriginalSize":false,"_actualFontSize":64,"_fontSize":64,"_lineHeight":64,"_N$string":"1","_N$horizontalAlign":1,"_N$verticalAlign":1}],"_color":{"__type__":"cc.Color","r":53,"g":90,"b":116},"_contentSize":{"__type__":"cc.Size","width":36,"height":64}},{"__type__":"cc.Node","_name":"14","_parent":{"__id__":53},"_children":[{"__id__":120},{"__id__":122}],"_components":[{"__type__":"cc.Button","node":{"__id__":119},"clickEvents":[{"__type__":"cc.ClickEvent","target":{"__id__":36},"component":"LevelView","handler":"onLevelItemClicked"}],"_N$target":{"__id__":119}}],"_contentSize":{"__type__":"cc.Size","width":115,"height":115},"_position":{"__type__":"cc.Vec2","x":118.6,"y":-387.5}},{"__type__":"cc.Node","_name":"unlock","_parent":{"__id__":119},"_children":[{"__id__":121}],"_components":[{"__type__":"cc.Sprite","node":{"__id__":120},"_spriteFrame":{"__uuid__":"60DQKJLOxElrwCcSVTLmDj"},"_type":1,"_sizeMode":2}],"_contentSize":{"__type__":"cc.Size","width":110,"height":113}},{"__type__":"cc.Node","_name":"text","_parent":{"__id__":120},"_components":[{"__type__":"cc.Label","node":{"__id__":121},"_useOriginalSize":false,"_actualFontSize":64,"_fontSize":64,"_lineHeight":64,"_N$string":"1","_N$horizontalAlign":1,"_N$verticalAlign":1},{"__type__":"cc.LabelOutline","node":{"__id__":121},"_color":{"__type__":"cc.Color","a":128}}],"_color":{"__type__":"cc.Color","r":74,"g":129,"b":167},"_contentSize":{"__type__":"cc.Size","width":36,"height":64}},{"__type__":"cc.Node","_name":"lock","_parent":{"__id__":119},"_children":[{"__id__":123}],"_active":false,"_components":[{"__type__":"cc.Sprite","node":{"__id__":122},"_spriteFrame":{"__uuid__":"f3AKPO2tNJ3ayexfkal6pf"},"_type":1,"_sizeMode":2}],"_contentSize":{"__type__":"cc.Size","width":103,"height":106}},{"__type__":"cc.Node","_name":"text","_parent":{"__id__":122},"_components":[{"__type__":"cc.Label","node":{"__id__":123},"_useOriginalSize":false,"_actualFontSize":64,"_fontSize":64,"_lineHeight":64,"_N$string":"1","_N$horizontalAlign":1,"_N$verticalAlign":1}],"_color":{"__type__":"cc.Color","r":53,"g":90,"b":116},"_contentSize":{"__type__":"cc.Size","width":36,"height":64}},{"__type__":"cc.Node","_name":"15","_parent":{"__id__":53},"_children":[{"__id__":125},{"__id__":127}],"_components":[{"__type__":"cc.Button","node":{"__id__":124},"clickEvents":[{"__type__":"cc.ClickEvent","target":{"__id__":36},"component":"LevelView","handler":"onLevelItemClicked"}],"_N$target":{"__id__":124}}],"_contentSize":{"__type__":"cc.Size","width":115,"height":115},"_position":{"__type__":"cc.Vec2","x":252.29999999999998,"y":-387.5}},{"__type__":"cc.Node","_name":"unlock","_parent":{"__id__":124},"_children":[{"__id__":126}],"_components":[{"__type__":"cc.Sprite","node":{"__id__":125},"_spriteFrame":{"__uuid__":"60DQKJLOxElrwCcSVTLmDj"},"_type":1,"_sizeMode":2}],"_contentSize":{"__type__":"cc.Size","width":110,"height":113}},{"__type__":"cc.Node","_name":"text","_parent":{"__id__":125},"_components":[{"__type__":"cc.Label","node":{"__id__":126},"_useOriginalSize":false,"_actualFontSize":64,"_fontSize":64,"_lineHeight":64,"_N$string":"1","_N$horizontalAlign":1,"_N$verticalAlign":1},{"__type__":"cc.LabelOutline","node":{"__id__":126},"_color":{"__type__":"cc.Color","a":128}}],"_color":{"__type__":"cc.Color","r":74,"g":129,"b":167},"_contentSize":{"__type__":"cc.Size","width":36,"height":64}},{"__type__":"cc.Node","_name":"lock","_parent":{"__id__":124},"_children":[{"__id__":128}],"_active":false,"_components":[{"__type__":"cc.Sprite","node":{"__id__":127},"_spriteFrame":{"__uuid__":"f3AKPO2tNJ3ayexfkal6pf"},"_type":1,"_sizeMode":2}],"_contentSize":{"__type__":"cc.Size","width":103,"height":106}},{"__type__":"cc.Node","_name":"text","_parent":{"__id__":127},"_components":[{"__type__":"cc.Label","node":{"__id__":128},"_useOriginalSize":false,"_actualFontSize":64,"_fontSize":64,"_lineHeight":64,"_N$string":"1","_N$horizontalAlign":1,"_N$verticalAlign":1}],"_color":{"__type__":"cc.Color","r":53,"g":90,"b":116},"_contentSize":{"__type__":"cc.Size","width":36,"height":64}},{"__type__":"cc.Node","_name":"16","_parent":{"__id__":53},"_children":[{"__id__":130},{"__id__":132}],"_components":[{"__type__":"cc.Button","node":{"__id__":129},"clickEvents":[{"__type__":"cc.ClickEvent","target":{"__id__":36},"component":"LevelView","handler":"onLevelItemClicked"}],"_N$target":{"__id__":129}}],"_contentSize":{"__type__":"cc.Size","width":115,"height":115},"_position":{"__type__":"cc.Vec2","x":-282.5,"y":-552.5}},{"__type__":"cc.Node","_name":"unlock","_parent":{"__id__":129},"_children":[{"__id__":131}],"_components":[{"__type__":"cc.Sprite","node":{"__id__":130},"_spriteFrame":{"__uuid__":"60DQKJLOxElrwCcSVTLmDj"},"_type":1,"_sizeMode":2}],"_contentSize":{"__type__":"cc.Size","width":110,"height":113}},{"__type__":"cc.Node","_name":"text","_parent":{"__id__":130},"_components":[{"__type__":"cc.Label","node":{"__id__":131},"_useOriginalSize":false,"_actualFontSize":64,"_fontSize":64,"_lineHeight":64,"_N$string":"1","_N$horizontalAlign":1,"_N$verticalAlign":1},{"__type__":"cc.LabelOutline","node":{"__id__":131},"_color":{"__type__":"cc.Color","a":128}}],"_color":{"__type__":"cc.Color","r":74,"g":129,"b":167},"_contentSize":{"__type__":"cc.Size","width":36,"height":64}},{"__type__":"cc.Node","_name":"lock","_parent":{"__id__":129},"_children":[{"__id__":133}],"_active":false,"_components":[{"__type__":"cc.Sprite","node":{"__id__":132},"_spriteFrame":{"__uuid__":"f3AKPO2tNJ3ayexfkal6pf"},"_type":1,"_sizeMode":2}],"_contentSize":{"__type__":"cc.Size","width":103,"height":106}},{"__type__":"cc.Node","_name":"text","_parent":{"__id__":132},"_components":[{"__type__":"cc.Label","node":{"__id__":133},"_useOriginalSize":false,"_actualFontSize":64,"_fontSize":64,"_lineHeight":64,"_N$string":"1","_N$horizontalAlign":1,"_N$verticalAlign":1}],"_color":{"__type__":"cc.Color","r":53,"g":90,"b":116},"_contentSize":{"__type__":"cc.Size","width":36,"height":64}},{"__type__":"cc.Node","_name":"17","_parent":{"__id__":53},"_children":[{"__id__":135},{"__id__":137}],"_components":[{"__type__":"cc.Button","node":{"__id__":134},"clickEvents":[{"__type__":"cc.ClickEvent","target":{"__id__":36},"component":"LevelView","handler":"onLevelItemClicked"}],"_N$target":{"__id__":134}}],"_contentSize":{"__type__":"cc.Size","width":115,"height":115},"_position":{"__type__":"cc.Vec2","x":-148.8,"y":-552.5}},{"__type__":"cc.Node","_name":"unlock","_parent":{"__id__":134},"_children":[{"__id__":136}],"_components":[{"__type__":"cc.Sprite","node":{"__id__":135},"_spriteFrame":{"__uuid__":"60DQKJLOxElrwCcSVTLmDj"},"_type":1,"_sizeMode":2}],"_contentSize":{"__type__":"cc.Size","width":110,"height":113}},{"__type__":"cc.Node","_name":"text","_parent":{"__id__":135},"_components":[{"__type__":"cc.Label","node":{"__id__":136},"_useOriginalSize":false,"_actualFontSize":64,"_fontSize":64,"_lineHeight":64,"_N$string":"1","_N$horizontalAlign":1,"_N$verticalAlign":1},{"__type__":"cc.LabelOutline","node":{"__id__":136},"_color":{"__type__":"cc.Color","a":128}}],"_color":{"__type__":"cc.Color","r":74,"g":129,"b":167},"_contentSize":{"__type__":"cc.Size","width":36,"height":64}},{"__type__":"cc.Node","_name":"lock","_parent":{"__id__":134},"_children":[{"__id__":138}],"_active":false,"_components":[{"__type__":"cc.Sprite","node":{"__id__":137},"_spriteFrame":{"__uuid__":"f3AKPO2tNJ3ayexfkal6pf"},"_type":1,"_sizeMode":2}],"_contentSize":{"__type__":"cc.Size","width":103,"height":106}},{"__type__":"cc.Node","_name":"text","_parent":{"__id__":137},"_components":[{"__type__":"cc.Label","node":{"__id__":138},"_useOriginalSize":false,"_actualFontSize":64,"_fontSize":64,"_lineHeight":64,"_N$string":"1","_N$horizontalAlign":1,"_N$verticalAlign":1}],"_color":{"__type__":"cc.Color","r":53,"g":90,"b":116},"_contentSize":{"__type__":"cc.Size","width":36,"height":64}},{"__type__":"cc.Node","_name":"18","_parent":{"__id__":53},"_children":[{"__id__":140},{"__id__":142}],"_components":[{"__type__":"cc.Button","node":{"__id__":139},"clickEvents":[{"__type__":"cc.ClickEvent","target":{"__id__":36},"component":"LevelView","handler":"onLevelItemClicked"}],"_N$target":{"__id__":139}}],"_contentSize":{"__type__":"cc.Size","width":115,"height":115},"_position":{"__type__":"cc.Vec2","x":-15.100000000000012,"y":-552.5}},{"__type__":"cc.Node","_name":"unlock","_parent":{"__id__":139},"_children":[{"__id__":141}],"_components":[{"__type__":"cc.Sprite","node":{"__id__":140},"_spriteFrame":{"__uuid__":"60DQKJLOxElrwCcSVTLmDj"},"_type":1,"_sizeMode":2}],"_contentSize":{"__type__":"cc.Size","width":110,"height":113}},{"__type__":"cc.Node","_name":"text","_parent":{"__id__":140},"_components":[{"__type__":"cc.Label","node":{"__id__":141},"_useOriginalSize":false,"_actualFontSize":64,"_fontSize":64,"_lineHeight":64,"_N$string":"1","_N$horizontalAlign":1,"_N$verticalAlign":1},{"__type__":"cc.LabelOutline","node":{"__id__":141},"_color":{"__type__":"cc.Color","a":128}}],"_color":{"__type__":"cc.Color","r":74,"g":129,"b":167},"_contentSize":{"__type__":"cc.Size","width":36,"height":64}},{"__type__":"cc.Node","_name":"lock","_parent":{"__id__":139},"_children":[{"__id__":143}],"_active":false,"_components":[{"__type__":"cc.Sprite","node":{"__id__":142},"_spriteFrame":{"__uuid__":"f3AKPO2tNJ3ayexfkal6pf"},"_type":1,"_sizeMode":2}],"_contentSize":{"__type__":"cc.Size","width":103,"height":106}},{"__type__":"cc.Node","_name":"text","_parent":{"__id__":142},"_components":[{"__type__":"cc.Label","node":{"__id__":143},"_useOriginalSize":false,"_actualFontSize":64,"_fontSize":64,"_lineHeight":64,"_N$string":"1","_N$horizontalAlign":1,"_N$verticalAlign":1}],"_color":{"__type__":"cc.Color","r":53,"g":90,"b":116},"_contentSize":{"__type__":"cc.Size","width":36,"height":64}},{"__type__":"cc.Node","_name":"19","_parent":{"__id__":53},"_children":[{"__id__":145},{"__id__":147}],"_components":[{"__type__":"cc.Button","node":{"__id__":144},"clickEvents":[{"__type__":"cc.ClickEvent","target":{"__id__":36},"component":"LevelView","handler":"onLevelItemClicked"}],"_N$target":{"__id__":144}}],"_contentSize":{"__type__":"cc.Size","width":115,"height":115},"_position":{"__type__":"cc.Vec2","x":118.6,"y":-552.5}},{"__type__":"cc.Node","_name":"unlock","_parent":{"__id__":144},"_children":[{"__id__":146}],"_components":[{"__type__":"cc.Sprite","node":{"__id__":145},"_spriteFrame":{"__uuid__":"60DQKJLOxElrwCcSVTLmDj"},"_type":1,"_sizeMode":2}],"_contentSize":{"__type__":"cc.Size","width":110,"height":113}},{"__type__":"cc.Node","_name":"text","_parent":{"__id__":145},"_components":[{"__type__":"cc.Label","node":{"__id__":146},"_useOriginalSize":false,"_actualFontSize":64,"_fontSize":64,"_lineHeight":64,"_N$string":"1","_N$horizontalAlign":1,"_N$verticalAlign":1},{"__type__":"cc.LabelOutline","node":{"__id__":146},"_color":{"__type__":"cc.Color","a":128}}],"_color":{"__type__":"cc.Color","r":74,"g":129,"b":167},"_contentSize":{"__type__":"cc.Size","width":36,"height":64}},{"__type__":"cc.Node","_name":"lock","_parent":{"__id__":144},"_children":[{"__id__":148}],"_active":false,"_components":[{"__type__":"cc.Sprite","node":{"__id__":147},"_spriteFrame":{"__uuid__":"f3AKPO2tNJ3ayexfkal6pf"},"_type":1,"_sizeMode":2}],"_contentSize":{"__type__":"cc.Size","width":103,"height":106}},{"__type__":"cc.Node","_name":"text","_parent":{"__id__":147},"_components":[{"__type__":"cc.Label","node":{"__id__":148},"_useOriginalSize":false,"_actualFontSize":64,"_fontSize":64,"_lineHeight":64,"_N$string":"1","_N$horizontalAlign":1,"_N$verticalAlign":1}],"_color":{"__type__":"cc.Color","r":53,"g":90,"b":116},"_contentSize":{"__type__":"cc.Size","width":36,"height":64}},{"__type__":"cc.Node","_name":"20","_parent":{"__id__":53},"_children":[{"__id__":150},{"__id__":152}],"_components":[{"__type__":"cc.Button","node":{"__id__":149},"clickEvents":[{"__type__":"cc.ClickEvent","target":{"__id__":36},"component":"LevelView","handler":"onLevelItemClicked"}],"_N$target":{"__id__":149}}],"_contentSize":{"__type__":"cc.Size","width":115,"height":115},"_position":{"__type__":"cc.Vec2","x":252.29999999999998,"y":-552.5}},{"__type__":"cc.Node","_name":"unlock","_parent":{"__id__":149},"_children":[{"__id__":151}],"_components":[{"__type__":"cc.Sprite","node":{"__id__":150},"_spriteFrame":{"__uuid__":"60DQKJLOxElrwCcSVTLmDj"},"_type":1,"_sizeMode":2}],"_contentSize":{"__type__":"cc.Size","width":110,"height":113}},{"__type__":"cc.Node","_name":"text","_parent":{"__id__":150},"_components":[{"__type__":"cc.Label","node":{"__id__":151},"_useOriginalSize":false,"_actualFontSize":64,"_fontSize":64,"_lineHeight":64,"_N$string":"1","_N$horizontalAlign":1,"_N$verticalAlign":1},{"__type__":"cc.LabelOutline","node":{"__id__":151},"_color":{"__type__":"cc.Color","a":128}}],"_color":{"__type__":"cc.Color","r":74,"g":129,"b":167},"_contentSize":{"__type__":"cc.Size","width":36,"height":64}},{"__type__":"cc.Node","_name":"lock","_parent":{"__id__":149},"_children":[{"__id__":153}],"_active":false,"_components":[{"__type__":"cc.Sprite","node":{"__id__":152},"_spriteFrame":{"__uuid__":"f3AKPO2tNJ3ayexfkal6pf"},"_type":1,"_sizeMode":2}],"_contentSize":{"__type__":"cc.Size","width":103,"height":106}},{"__type__":"cc.Node","_name":"text","_parent":{"__id__":152},"_components":[{"__type__":"cc.Label","node":{"__id__":153},"_useOriginalSize":false,"_actualFontSize":64,"_fontSize":64,"_lineHeight":64,"_N$string":"1","_N$horizontalAlign":1,"_N$verticalAlign":1}],"_color":{"__type__":"cc.Color","r":53,"g":90,"b":116},"_contentSize":{"__type__":"cc.Size","width":36,"height":64}},{"__type__":"cc.Node","_name":"21","_parent":{"__id__":53},"_children":[{"__id__":155},{"__id__":157}],"_components":[{"__type__":"cc.Button","node":{"__id__":154},"clickEvents":[{"__type__":"cc.ClickEvent","target":{"__id__":36},"component":"LevelView","handler":"onLevelItemClicked"}],"_N$target":{"__id__":154}}],"_contentSize":{"__type__":"cc.Size","width":115,"height":115},"_position":{"__type__":"cc.Vec2","x":-282.5,"y":-717.5}},{"__type__":"cc.Node","_name":"unlock","_parent":{"__id__":154},"_children":[{"__id__":156}],"_components":[{"__type__":"cc.Sprite","node":{"__id__":155},"_spriteFrame":{"__uuid__":"60DQKJLOxElrwCcSVTLmDj"},"_type":1,"_sizeMode":2}],"_contentSize":{"__type__":"cc.Size","width":110,"height":113}},{"__type__":"cc.Node","_name":"text","_parent":{"__id__":155},"_components":[{"__type__":"cc.Label","node":{"__id__":156},"_useOriginalSize":false,"_actualFontSize":64,"_fontSize":64,"_lineHeight":64,"_N$string":"1","_N$horizontalAlign":1,"_N$verticalAlign":1},{"__type__":"cc.LabelOutline","node":{"__id__":156},"_color":{"__type__":"cc.Color","a":128}}],"_color":{"__type__":"cc.Color","r":74,"g":129,"b":167},"_contentSize":{"__type__":"cc.Size","width":36,"height":64}},{"__type__":"cc.Node","_name":"lock","_parent":{"__id__":154},"_children":[{"__id__":158}],"_active":false,"_components":[{"__type__":"cc.Sprite","node":{"__id__":157},"_spriteFrame":{"__uuid__":"f3AKPO2tNJ3ayexfkal6pf"},"_type":1,"_sizeMode":2}],"_contentSize":{"__type__":"cc.Size","width":103,"height":106}},{"__type__":"cc.Node","_name":"text","_parent":{"__id__":157},"_components":[{"__type__":"cc.Label","node":{"__id__":158},"_useOriginalSize":false,"_actualFontSize":64,"_fontSize":64,"_lineHeight":64,"_N$string":"1","_N$horizontalAlign":1,"_N$verticalAlign":1}],"_color":{"__type__":"cc.Color","r":53,"g":90,"b":116},"_contentSize":{"__type__":"cc.Size","width":36,"height":64}},{"__type__":"cc.Node","_name":"22","_parent":{"__id__":53},"_children":[{"__id__":160},{"__id__":162}],"_components":[{"__type__":"cc.Button","node":{"__id__":159},"clickEvents":[{"__type__":"cc.ClickEvent","target":{"__id__":36},"component":"LevelView","handler":"onLevelItemClicked"}],"_N$target":{"__id__":159}}],"_contentSize":{"__type__":"cc.Size","width":115,"height":115},"_position":{"__type__":"cc.Vec2","x":-148.8,"y":-717.5}},{"__type__":"cc.Node","_name":"unlock","_parent":{"__id__":159},"_children":[{"__id__":161}],"_components":[{"__type__":"cc.Sprite","node":{"__id__":160},"_spriteFrame":{"__uuid__":"60DQKJLOxElrwCcSVTLmDj"},"_type":1,"_sizeMode":2}],"_contentSize":{"__type__":"cc.Size","width":110,"height":113}},{"__type__":"cc.Node","_name":"text","_parent":{"__id__":160},"_components":[{"__type__":"cc.Label","node":{"__id__":161},"_useOriginalSize":false,"_actualFontSize":64,"_fontSize":64,"_lineHeight":64,"_N$string":"1","_N$horizontalAlign":1,"_N$verticalAlign":1},{"__type__":"cc.LabelOutline","node":{"__id__":161},"_color":{"__type__":"cc.Color","a":128}}],"_color":{"__type__":"cc.Color","r":74,"g":129,"b":167},"_contentSize":{"__type__":"cc.Size","width":36,"height":64}},{"__type__":"cc.Node","_name":"lock","_parent":{"__id__":159},"_children":[{"__id__":163}],"_active":false,"_components":[{"__type__":"cc.Sprite","node":{"__id__":162},"_spriteFrame":{"__uuid__":"f3AKPO2tNJ3ayexfkal6pf"},"_type":1,"_sizeMode":2}],"_contentSize":{"__type__":"cc.Size","width":103,"height":106}},{"__type__":"cc.Node","_name":"text","_parent":{"__id__":162},"_components":[{"__type__":"cc.Label","node":{"__id__":163},"_useOriginalSize":false,"_actualFontSize":64,"_fontSize":64,"_lineHeight":64,"_N$string":"1","_N$horizontalAlign":1,"_N$verticalAlign":1}],"_color":{"__type__":"cc.Color","r":53,"g":90,"b":116},"_contentSize":{"__type__":"cc.Size","width":36,"height":64}},{"__type__":"cc.Node","_name":"23","_parent":{"__id__":53},"_children":[{"__id__":165},{"__id__":167}],"_components":[{"__type__":"cc.Button","node":{"__id__":164},"clickEvents":[{"__type__":"cc.ClickEvent","target":{"__id__":36},"component":"LevelView","handler":"onLevelItemClicked"}],"_N$target":{"__id__":164}}],"_contentSize":{"__type__":"cc.Size","width":115,"height":115},"_position":{"__type__":"cc.Vec2","x":-15.100000000000012,"y":-717.5}},{"__type__":"cc.Node","_name":"unlock","_parent":{"__id__":164},"_children":[{"__id__":166}],"_components":[{"__type__":"cc.Sprite","node":{"__id__":165},"_spriteFrame":{"__uuid__":"60DQKJLOxElrwCcSVTLmDj"},"_type":1,"_sizeMode":2}],"_contentSize":{"__type__":"cc.Size","width":110,"height":113}},{"__type__":"cc.Node","_name":"text","_parent":{"__id__":165},"_components":[{"__type__":"cc.Label","node":{"__id__":166},"_useOriginalSize":false,"_actualFontSize":64,"_fontSize":64,"_lineHeight":64,"_N$string":"1","_N$horizontalAlign":1,"_N$verticalAlign":1},{"__type__":"cc.LabelOutline","node":{"__id__":166},"_color":{"__type__":"cc.Color","a":128}}],"_color":{"__type__":"cc.Color","r":74,"g":129,"b":167},"_contentSize":{"__type__":"cc.Size","width":36,"height":64}},{"__type__":"cc.Node","_name":"lock","_parent":{"__id__":164},"_children":[{"__id__":168}],"_active":false,"_components":[{"__type__":"cc.Sprite","node":{"__id__":167},"_spriteFrame":{"__uuid__":"f3AKPO2tNJ3ayexfkal6pf"},"_type":1,"_sizeMode":2}],"_contentSize":{"__type__":"cc.Size","width":103,"height":106}},{"__type__":"cc.Node","_name":"text","_parent":{"__id__":167},"_components":[{"__type__":"cc.Label","node":{"__id__":168},"_useOriginalSize":false,"_actualFontSize":64,"_fontSize":64,"_lineHeight":64,"_N$string":"1","_N$horizontalAlign":1,"_N$verticalAlign":1}],"_color":{"__type__":"cc.Color","r":53,"g":90,"b":116},"_contentSize":{"__type__":"cc.Size","width":36,"height":64}},{"__type__":"cc.Node","_name":"24","_parent":{"__id__":53},"_children":[{"__id__":170},{"__id__":172}],"_components":[{"__type__":"cc.Button","node":{"__id__":169},"clickEvents":[{"__type__":"cc.ClickEvent","target":{"__id__":36},"component":"LevelView","handler":"onLevelItemClicked"}],"_N$target":{"__id__":169}}],"_contentSize":{"__type__":"cc.Size","width":115,"height":115},"_position":{"__type__":"cc.Vec2","x":118.6,"y":-717.5}},{"__type__":"cc.Node","_name":"unlock","_parent":{"__id__":169},"_children":[{"__id__":171}],"_components":[{"__type__":"cc.Sprite","node":{"__id__":170},"_spriteFrame":{"__uuid__":"60DQKJLOxElrwCcSVTLmDj"},"_type":1,"_sizeMode":2}],"_contentSize":{"__type__":"cc.Size","width":110,"height":113}},{"__type__":"cc.Node","_name":"text","_parent":{"__id__":170},"_components":[{"__type__":"cc.Label","node":{"__id__":171},"_useOriginalSize":false,"_actualFontSize":64,"_fontSize":64,"_lineHeight":64,"_N$string":"1","_N$horizontalAlign":1,"_N$verticalAlign":1},{"__type__":"cc.LabelOutline","node":{"__id__":171},"_color":{"__type__":"cc.Color","a":128}}],"_color":{"__type__":"cc.Color","r":74,"g":129,"b":167},"_contentSize":{"__type__":"cc.Size","width":36,"height":64}},{"__type__":"cc.Node","_name":"lock","_parent":{"__id__":169},"_children":[{"__id__":173}],"_active":false,"_components":[{"__type__":"cc.Sprite","node":{"__id__":172},"_spriteFrame":{"__uuid__":"f3AKPO2tNJ3ayexfkal6pf"},"_type":1,"_sizeMode":2}],"_contentSize":{"__type__":"cc.Size","width":103,"height":106}},{"__type__":"cc.Node","_name":"text","_parent":{"__id__":172},"_components":[{"__type__":"cc.Label","node":{"__id__":173},"_useOriginalSize":false,"_actualFontSize":64,"_fontSize":64,"_lineHeight":64,"_N$string":"1","_N$horizontalAlign":1,"_N$verticalAlign":1}],"_color":{"__type__":"cc.Color","r":53,"g":90,"b":116},"_contentSize":{"__type__":"cc.Size","width":36,"height":64}},{"__type__":"cc.Node","_name":"25","_parent":{"__id__":53},"_children":[{"__id__":175},{"__id__":177}],"_components":[{"__type__":"cc.Button","node":{"__id__":174},"clickEvents":[{"__type__":"cc.ClickEvent","target":{"__id__":36},"component":"LevelView","handler":"onLevelItemClicked"}],"_N$target":{"__id__":174}}],"_contentSize":{"__type__":"cc.Size","width":115,"height":115},"_position":{"__type__":"cc.Vec2","x":252.29999999999998,"y":-717.5}},{"__type__":"cc.Node","_name":"unlock","_parent":{"__id__":174},"_children":[{"__id__":176}],"_components":[{"__type__":"cc.Sprite","node":{"__id__":175},"_spriteFrame":{"__uuid__":"60DQKJLOxElrwCcSVTLmDj"},"_type":1,"_sizeMode":2}],"_contentSize":{"__type__":"cc.Size","width":110,"height":113}},{"__type__":"cc.Node","_name":"text","_parent":{"__id__":175},"_components":[{"__type__":"cc.Label","node":{"__id__":176},"_useOriginalSize":false,"_actualFontSize":64,"_fontSize":64,"_lineHeight":64,"_N$string":"1","_N$horizontalAlign":1,"_N$verticalAlign":1},{"__type__":"cc.LabelOutline","node":{"__id__":176},"_color":{"__type__":"cc.Color","a":128}}],"_color":{"__type__":"cc.Color","r":74,"g":129,"b":167},"_contentSize":{"__type__":"cc.Size","width":36,"height":64}},{"__type__":"cc.Node","_name":"lock","_parent":{"__id__":174},"_children":[{"__id__":178}],"_active":false,"_components":[{"__type__":"cc.Sprite","node":{"__id__":177},"_spriteFrame":{"__uuid__":"f3AKPO2tNJ3ayexfkal6pf"},"_type":1,"_sizeMode":2}],"_contentSize":{"__type__":"cc.Size","width":103,"height":106}},{"__type__":"cc.Node","_name":"text","_parent":{"__id__":177},"_components":[{"__type__":"cc.Label","node":{"__id__":178},"_useOriginalSize":false,"_actualFontSize":64,"_fontSize":64,"_lineHeight":64,"_N$string":"1","_N$horizontalAlign":1,"_N$verticalAlign":1}],"_color":{"__type__":"cc.Color","r":53,"g":90,"b":116},"_contentSize":{"__type__":"cc.Size","width":36,"height":64}},{"__type__":"cc.Node","_name":"PageView","_parent":{"__id__":45},"_children":[{"__id__":180},{"__id__":182}],"_components":[{"__id__":184},{"__type__":"cc.Widget","node":{"__id__":179},"_target":{"__id__":45},"_alignFlags":45,"_top":60,"_originalWidth":500,"_originalHeight":450}],"_contentSize":{"__type__":"cc.Size","width":750,"height":1095},"_position":{"__type__":"cc.Vec2","y":-30}},{"__type__":"cc.Node","_name":"view","_parent":{"__id__":179},"_children":[{"__id__":181}],"_components":[{"__type__":"cc.Mask","node":{"__id__":180}},{"__type__":"cc.Widget","node":{"__id__":180},"_alignFlags":45,"_top":4,"_bottom":4,"_originalWidth":500,"_originalHeight":450}],"_anchorPoint":{"__type__":"cc.Vec2","y":0.5},"_contentSize":{"__type__":"cc.Size","width":750,"height":1087},"_position":{"__type__":"cc.Vec2","x":-375}},{"__type__":"cc.Node","_name":"content","_parent":{"__id__":180},"_components":[{"__type__":"cc.Layout","node":{"__id__":181},"_layoutSize":{"__type__":"cc.Size","width":750,"height":1087},"_resize":1,"_N$layoutType":1,"_N$spacingY":15},{"__type__":"cc.Widget","node":{"__id__":181},"_alignFlags":5,"_originalHeight":200}],"_anchorPoint":{"__type__":"cc.Vec2","y":1},"_contentSize":{"__type__":"cc.Size","width":750,"height":1087},"_position":{"__type__":"cc.Vec2","y":543.5}},{"__type__":"cc.Node","_name":"indicator","_parent":{"__id__":179},"_components":[{"__id__":183},{"__type__":"cc.Widget","node":{"__id__":182},"_alignFlags":4,"_bottom":187}],"_contentSize":{"__type__":"cc.Size","width":100,"height":27},"_position":{"__type__":"cc.Vec2","y":-347}},{"__type__":"cc.PageViewIndicator","node":{"__id__":182},"_pageView":{"__id__":184},"spriteFrame":{"__uuid__":"7aH0a+MqtKyI8wN2NJpp6z"},"cellSize":{"__type__":"cc.Size","width":33,"height":33},"spacing":10},{"__type__":"cc.PageView","node":{"__id__":179},"content":{"__id__":181},"bounceDuration":0.5,"_N$indicator":{"__id__":183}},{"__type__":"cc.Node","_name":"GameApplication","_parent":{"__id__":1},"_children":[{"__id__":186}],"_components":[{"__type__":"f08152UaoRPB64U7d0m5V+q","node":{"__id__":185},"soundManager":{"__id__":214},"PopGameView":{"__id__":186}},{"__id__":214},{"__id__":215},{"__type__":"cc.Widget","node":{"__id__":185},"_alignFlags":44,"_top":1287.5,"_bottom":1}],"_id":"d9ijM8FzlDy4QH3k1tCUY3","_contentSize":{"__type__":"cc.Size","width":750,"height":190},"_position":{"__type__":"cc.Vec2","x":375,"y":96}},{"__type__":"cc.Node","_name":"PopGame","_parent":{"__id__":185},"_children":[{"__id__":187}],"_active":false,"_components":[{"__type__":"cc.Widget","node":{"__id__":186},"_alignFlags":44}],"_prefab":{"__type__":"cc.PrefabInfo","root":{"__id__":186},"asset":{"__uuid__":"e65AYEnTtHU6F52qqvDJZZ"},"fileId":"1aAbfR3ptEJpO6TO1k06rW"},"_contentSize":{"__type__":"cc.Size","width":750,"height":190}},{"__type__":"cc.Node","_name":"ScrollView","_parent":{"__id__":186},"_children":[{"__id__":188}],"_components":[{"__type__":"cc.Sprite","node":{"__id__":187},"_spriteFrame":{"__uuid__":"60DQKJLOxElrwCcSVTLmDj"},"_type":1,"_sizeMode":0},{"__type__":"cc.ScrollView","node":{"__id__":187},"content":{"__id__":189},"vertical":false,"brake":0.75,"bounceDuration":0.23,"_N$horizontalScrollBar":null,"_N$verticalScrollBar":null},{"__type__":"cc.Widget","node":{"__id__":187},"_alignFlags":45,"_originalWidth":240,"_originalHeight":250}],"_prefab":{"__type__":"cc.PrefabInfo","root":{"__id__":186},"asset":{"__uuid__":"e65AYEnTtHU6F52qqvDJZZ"},"fileId":"2aR6JDGJFCzY+i3eP4jqwB"},"_color":{"__type__":"cc.Color","r":81,"g":123,"b":223},"_contentSize":{"__type__":"cc.Size","width":750,"height":190}},{"__type__":"cc.Node","_name":"view","_parent":{"__id__":187},"_children":[{"__id__":189}],"_components":[{"__type__":"cc.Mask","node":{"__id__":188}},{"__type__":"cc.Widget","node":{"__id__":188},"_alignFlags":45,"_originalWidth":240,"_originalHeight":250}],"_prefab":{"__type__":"cc.PrefabInfo","root":{"__id__":186},"asset":{"__uuid__":"e65AYEnTtHU6F52qqvDJZZ"},"fileId":"b447x0WcZMOIJmpzr2b1Cb"},"_anchorPoint":{"__type__":"cc.Vec2","y":0.5},"_contentSize":{"__type__":"cc.Size","width":750,"height":190},"_position":{"__type__":"cc.Vec2","x":-375}},{"__type__":"cc.Node","_name":"content","_parent":{"__id__":188},"_children":[{"__id__":190},{"__id__":196},{"__id__":202},{"__id__":208}],"_components":[{"__type__":"cc.Layout","node":{"__id__":189},"_layoutSize":{"__type__":"cc.Size","width":670,"height":190},"_resize":1,"_N$layoutType":1,"_N$paddingLeft":40,"_N$spacingX":50},{"__type__":"cc.Widget","node":{"__id__":189},"_alignFlags":45,"_right":80,"_originalWidth":220,"_originalHeight":400}],"_prefab":{"__type__":"cc.PrefabInfo","root":{"__id__":186},"asset":{"__uuid__":"e65AYEnTtHU6F52qqvDJZZ"},"fileId":"d8U0v3PI5ON6/oZg8zmTCR"},"_anchorPoint":{"__type__":"cc.Vec2","y":0.5},"_contentSize":{"__type__":"cc.Size","width":670,"height":190}},{"__type__":"cc.Node","_name":"Game0","_parent":{"__id__":189},"_children":[{"__id__":191},{"__id__":192},{"__id__":194}],"_components":[{"__type__":"cc.Button","node":{"__id__":190},"transition":3,"pressedColor":{"__type__":"cc.Color","r":255,"g":255,"b":255},"zoomScale":0.8,"clickEvents":[{"__type__":"cc.ClickEvent","target":{"__id__":185},"component":"GameApplication","handler":"popClick","customEventData":"2135310943367133"}],"_N$normalColor":{"__type__":"cc.Color","r":255,"g":255,"b":255},"_N$disabledColor":{"__type__":"cc.Color","r":255,"g":255,"b":255},"_N$normalSprite":{"__uuid__":"f0BIwQ8D5Ml7nTNQbh1YlS"},"_N$pressedSprite":{"__uuid__":"e97GVMl6JHh5Ml5qEDdSGa"},"pressedSprite":{"__uuid__":"e97GVMl6JHh5Ml5qEDdSGa"},"_N$hoverSprite":{"__uuid__":"e97GVMl6JHh5Ml5qEDdSGa"},"hoverSprite":{"__uuid__":"e97GVMl6JHh5Ml5qEDdSGa"},"_N$disabledSprite":{"__uuid__":"29FYIk+N1GYaeWH/q1NxQO"},"_N$target":{"__id__":190}}],"_prefab":{"__type__":"cc.PrefabInfo","root":{"__id__":186},"asset":{"__uuid__":"e65AYEnTtHU6F52qqvDJZZ"},"fileId":"0a+Hh6gMpEwbrgQ/E8ZerS"},"_contentSize":{"__type__":"cc.Size","width":120,"height":190},"_position":{"__type__":"cc.Vec2","x":100}},{"__type__":"cc.Node","_name":"Name","_parent":{"__id__":190},"_components":[{"__type__":"cc.Label","node":{"__id__":191},"_useOriginalSize":false,"_actualFontSize":20,"_fontSize":20,"_N$string":"Jewel Block","_N$horizontalAlign":1,"_N$verticalAlign":1}],"_prefab":{"__type__":"cc.PrefabInfo","root":{"__id__":186},"asset":{"__uuid__":"e65AYEnTtHU6F52qqvDJZZ"},"fileId":"05PvZ0xJtKmY6VsOy6AdMv"},"_contentSize":{"__type__":"cc.Size","width":106,"height":40},"_position":{"__type__":"cc.Vec2","y":70}},{"__type__":"cc.Node","_name":"Sprite","_parent":{"__id__":190},"_children":[{"__id__":193}],"_components":[{"__type__":"cc.Sprite","node":{"__id__":192},"_spriteFrame":{"__uuid__":"d8t45lARVMX4ig0Oh4Km4e"},"_type":1,"_sizeMode":0}],"_prefab":{"__type__":"cc.PrefabInfo","root":{"__id__":186},"asset":{"__uuid__":"e65AYEnTtHU6F52qqvDJZZ"},"fileId":"d3/h1aWJVKa6zsnUKit9g9"},"_contentSize":{"__type__":"cc.Size","width":120,"height":120},"_position":{"__type__":"cc.Vec2","y":-10}},{"__type__":"cc.Node","_name":"Icon","_parent":{"__id__":192},"_components":[{"__type__":"cc.Sprite","node":{"__id__":193},"_spriteFrame":{"__uuid__":"3e8j0/mgdGO5xCzkY3zIZp"}}],"_prefab":{"__type__":"cc.PrefabInfo","root":{"__id__":186},"asset":{"__uuid__":"e65AYEnTtHU6F52qqvDJZZ"},"fileId":"16RoJE9OFNtYkHLYveKB0g"},"_contentSize":{"__type__":"cc.Size","width":120,"height":120}},{"__type__":"cc.Node","_name":"Play","_parent":{"__id__":190},"_children":[{"__id__":195}],"_components":[{"__type__":"cc.Sprite","node":{"__id__":194},"_spriteFrame":{"__uuid__":"c6r3KIjYtNmIDwxW9/Un7x"},"_type":1,"_sizeMode":0}],"_prefab":{"__type__":"cc.PrefabInfo","root":{"__id__":186},"asset":{"__uuid__":"e65AYEnTtHU6F52qqvDJZZ"},"fileId":"38HRk9MKhGdrxoCZkY2h8r"},"_opacity":253,"_color":{"__type__":"cc.Color","r":134,"g":211,"b":48},"_contentSize":{"__type__":"cc.Size","width":120,"height":40},"_position":{"__type__":"cc.Vec2","y":-62}},{"__type__":"cc.Node","_name":"Play","_parent":{"__id__":194},"_components":[{"__type__":"cc.Label","node":{"__id__":195},"_useOriginalSize":false,"_actualFontSize":25,"_fontSize":25,"_lineHeight":30,"_N$string":"PLAY","_N$horizontalAlign":1,"_N$verticalAlign":1},{"__type__":"cc.LabelOutline","node":{"__id__":195}}],"_prefab":{"__type__":"cc.PrefabInfo","root":{"__id__":186},"asset":{"__uuid__":"e65AYEnTtHU6F52qqvDJZZ"},"fileId":"ddHr6p3ElEmq/hd6DQrG9S"},"_contentSize":{"__type__":"cc.Size","width":64,"height":30},"_position":{"__type__":"cc.Vec2","y":2}},{"__type__":"cc.Node","_name":"Game1","_parent":{"__id__":189},"_children":[{"__id__":197},{"__id__":198},{"__id__":200}],"_components":[{"__type__":"cc.Button","node":{"__id__":196},"transition":3,"pressedColor":{"__type__":"cc.Color","r":255,"g":255,"b":255},"zoomScale":0.8,"clickEvents":[{"__type__":"cc.ClickEvent","target":{"__id__":185},"component":"GameApplication","handler":"popClick","customEventData":"1748806521876728"}],"_N$normalColor":{"__type__":"cc.Color","r":255,"g":255,"b":255},"_N$disabledColor":{"__type__":"cc.Color","r":255,"g":255,"b":255},"_N$normalSprite":{"__uuid__":"f0BIwQ8D5Ml7nTNQbh1YlS"},"_N$pressedSprite":{"__uuid__":"e97GVMl6JHh5Ml5qEDdSGa"},"pressedSprite":{"__uuid__":"e97GVMl6JHh5Ml5qEDdSGa"},"_N$hoverSprite":{"__uuid__":"e97GVMl6JHh5Ml5qEDdSGa"},"hoverSprite":{"__uuid__":"e97GVMl6JHh5Ml5qEDdSGa"},"_N$disabledSprite":{"__uuid__":"29FYIk+N1GYaeWH/q1NxQO"},"_N$target":{"__id__":196}}],"_prefab":{"__type__":"cc.PrefabInfo","root":{"__id__":186},"asset":{"__uuid__":"e65AYEnTtHU6F52qqvDJZZ"},"fileId":"75Je7kUkJEcIVWerf24uBR"},"_contentSize":{"__type__":"cc.Size","width":120,"height":190},"_position":{"__type__":"cc.Vec2","x":270}},{"__type__":"cc.Node","_name":"Name","_parent":{"__id__":196},"_components":[{"__type__":"cc.Label","node":{"__id__":197},"_useOriginalSize":false,"_actualFontSize":20,"_fontSize":20,"_N$string":"MahjongBump","_N$horizontalAlign":1,"_N$verticalAlign":1}],"_prefab":{"__type__":"cc.PrefabInfo","root":{"__id__":186},"asset":{"__uuid__":"e65AYEnTtHU6F52qqvDJZZ"},"fileId":"97PIUmja9JVLlWyKbrTMEm"},"_contentSize":{"__type__":"cc.Size","width":129,"height":40},"_position":{"__type__":"cc.Vec2","y":70}},{"__type__":"cc.Node","_name":"Sprite","_parent":{"__id__":196},"_children":[{"__id__":199}],"_components":[{"__type__":"cc.Sprite","node":{"__id__":198},"_spriteFrame":{"__uuid__":"87t6y6jfpAoa8LFJwz+NUL"},"_type":1,"_sizeMode":0}],"_prefab":{"__type__":"cc.PrefabInfo","root":{"__id__":186},"asset":{"__uuid__":"e65AYEnTtHU6F52qqvDJZZ"},"fileId":"81sYrb9cRCvrd0x68hebYu"},"_contentSize":{"__type__":"cc.Size","width":120,"height":120},"_position":{"__type__":"cc.Vec2","y":-10}},{"__type__":"cc.Node","_name":"Icon","_parent":{"__id__":198},"_components":[{"__type__":"cc.Sprite","node":{"__id__":199},"_spriteFrame":{"__uuid__":"3e8j0/mgdGO5xCzkY3zIZp"}}],"_prefab":{"__type__":"cc.PrefabInfo","root":{"__id__":186},"asset":{"__uuid__":"e65AYEnTtHU6F52qqvDJZZ"},"fileId":"f7sVOO2B1HvKNRoqcThsBD"},"_contentSize":{"__type__":"cc.Size","width":120,"height":120}},{"__type__":"cc.Node","_name":"Play","_parent":{"__id__":196},"_children":[{"__id__":201}],"_components":[{"__type__":"cc.Sprite","node":{"__id__":200},"_spriteFrame":{"__uuid__":"c6r3KIjYtNmIDwxW9/Un7x"},"_type":1,"_sizeMode":0}],"_prefab":{"__type__":"cc.PrefabInfo","root":{"__id__":186},"asset":{"__uuid__":"e65AYEnTtHU6F52qqvDJZZ"},"fileId":"65JVpE5a5JnLZmtEKn2pL5"},"_opacity":253,"_color":{"__type__":"cc.Color","r":134,"g":211,"b":48},"_contentSize":{"__type__":"cc.Size","width":120,"height":40},"_position":{"__type__":"cc.Vec2","y":-62}},{"__type__":"cc.Node","_name":"Play","_parent":{"__id__":200},"_components":[{"__type__":"cc.Label","node":{"__id__":201},"_useOriginalSize":false,"_actualFontSize":25,"_fontSize":25,"_lineHeight":30,"_N$string":"PLAY","_N$horizontalAlign":1,"_N$verticalAlign":1},{"__type__":"cc.LabelOutline","node":{"__id__":201}}],"_prefab":{"__type__":"cc.PrefabInfo","root":{"__id__":186},"asset":{"__uuid__":"e65AYEnTtHU6F52qqvDJZZ"},"fileId":"7bV6vk57FPh6g2oXhxHuu1"},"_contentSize":{"__type__":"cc.Size","width":64,"height":30},"_position":{"__type__":"cc.Vec2","y":2}},{"__type__":"cc.Node","_name":"Game2","_parent":{"__id__":189},"_children":[{"__id__":203},{"__id__":204},{"__id__":206}],"_components":[{"__type__":"cc.Button","node":{"__id__":202},"transition":3,"pressedColor":{"__type__":"cc.Color","r":255,"g":255,"b":255},"zoomScale":0.8,"clickEvents":[{"__type__":"cc.ClickEvent","target":{"__id__":185},"component":"GameApplication","handler":"popClick","customEventData":"2099185553434050"}],"_N$normalColor":{"__type__":"cc.Color","r":255,"g":255,"b":255},"_N$disabledColor":{"__type__":"cc.Color","r":255,"g":255,"b":255},"_N$normalSprite":{"__uuid__":"f0BIwQ8D5Ml7nTNQbh1YlS"},"_N$pressedSprite":{"__uuid__":"e97GVMl6JHh5Ml5qEDdSGa"},"pressedSprite":{"__uuid__":"e97GVMl6JHh5Ml5qEDdSGa"},"_N$hoverSprite":{"__uuid__":"e97GVMl6JHh5Ml5qEDdSGa"},"hoverSprite":{"__uuid__":"e97GVMl6JHh5Ml5qEDdSGa"},"_N$disabledSprite":{"__uuid__":"29FYIk+N1GYaeWH/q1NxQO"},"_N$target":{"__id__":202}}],"_prefab":{"__type__":"cc.PrefabInfo","root":{"__id__":186},"asset":{"__uuid__":"e65AYEnTtHU6F52qqvDJZZ"},"fileId":"01WZRuBRVHa7Enp6wE0yod"},"_contentSize":{"__type__":"cc.Size","width":120,"height":190},"_position":{"__type__":"cc.Vec2","x":440}},{"__type__":"cc.Node","_name":"Name","_parent":{"__id__":202},"_components":[{"__type__":"cc.Label","node":{"__id__":203},"_useOriginalSize":false,"_actualFontSize":20,"_fontSize":20,"_N$string":"CashEmpire","_N$horizontalAlign":1,"_N$verticalAlign":1}],"_prefab":{"__type__":"cc.PrefabInfo","root":{"__id__":186},"asset":{"__uuid__":"e65AYEnTtHU6F52qqvDJZZ"},"fileId":"68Gt1PIWRH9YGuMQvuV2O2"},"_contentSize":{"__type__":"cc.Size","width":110,"height":40},"_position":{"__type__":"cc.Vec2","y":70}},{"__type__":"cc.Node","_name":"Sprite","_parent":{"__id__":202},"_children":[{"__id__":205}],"_components":[{"__type__":"cc.Sprite","node":{"__id__":204},"_spriteFrame":{"__uuid__":"cbKcqm251K7KKozbt99oFJ"},"_type":1,"_sizeMode":0}],"_prefab":{"__type__":"cc.PrefabInfo","root":{"__id__":186},"asset":{"__uuid__":"e65AYEnTtHU6F52qqvDJZZ"},"fileId":"5dsgy1lXpBqbHVmdstizqD"},"_contentSize":{"__type__":"cc.Size","width":120,"height":120},"_position":{"__type__":"cc.Vec2","y":-10}},{"__type__":"cc.Node","_name":"Icon","_parent":{"__id__":204},"_components":[{"__type__":"cc.Sprite","node":{"__id__":205},"_spriteFrame":{"__uuid__":"3e8j0/mgdGO5xCzkY3zIZp"}}],"_prefab":{"__type__":"cc.PrefabInfo","root":{"__id__":186},"asset":{"__uuid__":"e65AYEnTtHU6F52qqvDJZZ"},"fileId":"56TtHHmI1C/KgPHOeHX11A"},"_contentSize":{"__type__":"cc.Size","width":120,"height":120}},{"__type__":"cc.Node","_name":"Play","_parent":{"__id__":202},"_children":[{"__id__":207}],"_components":[{"__type__":"cc.Sprite","node":{"__id__":206},"_spriteFrame":{"__uuid__":"c6r3KIjYtNmIDwxW9/Un7x"},"_type":1,"_sizeMode":0}],"_prefab":{"__type__":"cc.PrefabInfo","root":{"__id__":186},"asset":{"__uuid__":"e65AYEnTtHU6F52qqvDJZZ"},"fileId":"f7NJhJaQZA7bAZJmL3jNbB"},"_opacity":253,"_color":{"__type__":"cc.Color","r":134,"g":211,"b":48},"_contentSize":{"__type__":"cc.Size","width":120,"height":40},"_position":{"__type__":"cc.Vec2","y":-62}},{"__type__":"cc.Node","_name":"Play","_parent":{"__id__":206},"_components":[{"__type__":"cc.Label","node":{"__id__":207},"_useOriginalSize":false,"_actualFontSize":25,"_fontSize":25,"_lineHeight":30,"_N$string":"PLAY","_N$horizontalAlign":1,"_N$verticalAlign":1},{"__type__":"cc.LabelOutline","node":{"__id__":207}}],"_prefab":{"__type__":"cc.PrefabInfo","root":{"__id__":186},"asset":{"__uuid__":"e65AYEnTtHU6F52qqvDJZZ"},"fileId":"45eLmy6LZIZr+mrb4FljF+"},"_contentSize":{"__type__":"cc.Size","width":64,"height":30},"_position":{"__type__":"cc.Vec2","y":2}},{"__type__":"cc.Node","_name":"Game3","_parent":{"__id__":189},"_children":[{"__id__":209},{"__id__":210},{"__id__":212}],"_components":[{"__type__":"cc.Button","node":{"__id__":208},"transition":3,"pressedColor":{"__type__":"cc.Color","r":255,"g":255,"b":255},"zoomScale":0.8,"clickEvents":[{"__type__":"cc.ClickEvent","target":{"__id__":185},"component":"GameApplication","handler":"popClick","customEventData":"206754110108425"}],"_N$normalColor":{"__type__":"cc.Color","r":255,"g":255,"b":255},"_N$disabledColor":{"__type__":"cc.Color","r":255,"g":255,"b":255},"_N$normalSprite":{"__uuid__":"f0BIwQ8D5Ml7nTNQbh1YlS"},"_N$pressedSprite":{"__uuid__":"e97GVMl6JHh5Ml5qEDdSGa"},"pressedSprite":{"__uuid__":"e97GVMl6JHh5Ml5qEDdSGa"},"_N$hoverSprite":{"__uuid__":"e97GVMl6JHh5Ml5qEDdSGa"},"hoverSprite":{"__uuid__":"e97GVMl6JHh5Ml5qEDdSGa"},"_N$disabledSprite":{"__uuid__":"29FYIk+N1GYaeWH/q1NxQO"},"_N$target":{"__id__":208}}],"_prefab":{"__type__":"cc.PrefabInfo","root":{"__id__":186},"asset":{"__uuid__":"e65AYEnTtHU6F52qqvDJZZ"},"fileId":"49BogCZ2dPqK83TRaxUxIq"},"_contentSize":{"__type__":"cc.Size","width":120,"height":190},"_position":{"__type__":"cc.Vec2","x":610}},{"__type__":"cc.Node","_name":"Name","_parent":{"__id__":208},"_components":[{"__type__":"cc.Label","node":{"__id__":209},"_useOriginalSize":false,"_actualFontSize":20,"_fontSize":20,"_N$string":"One Draw","_N$horizontalAlign":1,"_N$verticalAlign":1}],"_prefab":{"__type__":"cc.PrefabInfo","root":{"__id__":186},"asset":{"__uuid__":"e65AYEnTtHU6F52qqvDJZZ"},"fileId":"bb9zDJ5AZMrpehZlgmSYpN"},"_contentSize":{"__type__":"cc.Size","width":90,"height":40},"_position":{"__type__":"cc.Vec2","y":70}},{"__type__":"cc.Node","_name":"Sprite","_parent":{"__id__":208},"_children":[{"__id__":211}],"_components":[{"__type__":"cc.Sprite","node":{"__id__":210},"_spriteFrame":{"__uuid__":"91nLCeLAdMoLR+DBi20w7K"},"_type":1,"_sizeMode":0}],"_prefab":{"__type__":"cc.PrefabInfo","root":{"__id__":186},"asset":{"__uuid__":"e65AYEnTtHU6F52qqvDJZZ"},"fileId":"5aewQgEKlGVrgrqFQmfkm5"},"_contentSize":{"__type__":"cc.Size","width":120,"height":120},"_position":{"__type__":"cc.Vec2","y":-10}},{"__type__":"cc.Node","_name":"Icon","_parent":{"__id__":210},"_components":[{"__type__":"cc.Sprite","node":{"__id__":211},"_spriteFrame":{"__uuid__":"3e8j0/mgdGO5xCzkY3zIZp"}}],"_prefab":{"__type__":"cc.PrefabInfo","root":{"__id__":186},"asset":{"__uuid__":"e65AYEnTtHU6F52qqvDJZZ"},"fileId":"1fDquN4YVNJK+87VEI6Lol"},"_contentSize":{"__type__":"cc.Size","width":120,"height":120}},{"__type__":"cc.Node","_name":"Play","_parent":{"__id__":208},"_children":[{"__id__":213}],"_components":[{"__type__":"cc.Sprite","node":{"__id__":212},"_spriteFrame":{"__uuid__":"c6r3KIjYtNmIDwxW9/Un7x"},"_type":1,"_sizeMode":0}],"_prefab":{"__type__":"cc.PrefabInfo","root":{"__id__":186},"asset":{"__uuid__":"e65AYEnTtHU6F52qqvDJZZ"},"fileId":"efGZ3S2aRJzIBkGEgIhv2F"},"_opacity":253,"_color":{"__type__":"cc.Color","r":134,"g":211,"b":48},"_contentSize":{"__type__":"cc.Size","width":120,"height":40},"_position":{"__type__":"cc.Vec2","y":-62}},{"__type__":"cc.Node","_name":"Play","_parent":{"__id__":212},"_components":[{"__type__":"cc.Label","node":{"__id__":213},"_useOriginalSize":false,"_actualFontSize":25,"_fontSize":25,"_lineHeight":30,"_N$string":"PLAY","_N$horizontalAlign":1,"_N$verticalAlign":1},{"__type__":"cc.LabelOutline","node":{"__id__":213}}],"_prefab":{"__type__":"cc.PrefabInfo","root":{"__id__":186},"asset":{"__uuid__":"e65AYEnTtHU6F52qqvDJZZ"},"fileId":"26VJWPbJNMOq0t3nMZyxvV"},"_contentSize":{"__type__":"cc.Size","width":64,"height":30},"_position":{"__type__":"cc.Vec2","y":2}},{"__type__":"2e203tup99JJ5nSDvFuy7AM","node":{"__id__":185},"audioSource":{"__id__":215},"btn_click":{"__uuid__":"751ckE2d9NNq42PiOuU1LO"},"gamewin":{"__uuid__":"f7KFXiwYhFerb7eje3PyVG"},"done":{"__uuid__":"b0xzBISxxHPIdHmmdcG0j9"},"error":{"__uuid__":"07c1hd3wFHuYgVZwizeK8E"},"clock":{"__uuid__":"f1sfWPabJDrZvE/GFc0QQt"},"uplock":{"__uuid__":"08xXaV3n9INZE0DzbGKjcv"}},{"__type__":"cc.AudioSource","node":{"__id__":185}}],{"__type__":"cc.SpriteFrame","content":{"name":"iconMask","texture":"57exrIVuVACoHzCx51yKjm","rect":[582,449,120,120],"offset":[0,0],"originalSize":[120,120]}},{"__type__":"cc.SpriteFrame","content":{"name":"musicOn","texture":"57exrIVuVACoHzCx51yKjm","rect":[840,424,97,97],"offset":[0,0],"originalSize":[97,97]}},{"__type__":"cc.SpriteFrame","content":{"name":"level_box","texture":"57exrIVuVACoHzCx51yKjm","rect":[704,449,110,113],"offset":[0,0],"originalSize":[110,113],"capInsets":[30,33,30,35]}},{"__type__":"cc.SpriteFrame","content":{"name":"page1","texture":"57exrIVuVACoHzCx51yKjm","rect":[948,334,36,36],"offset":[0,0],"originalSize":[36,36]}},{"__type__":"cc.SpriteFrame","content":{"name":"musicOff","texture":"57exrIVuVACoHzCx51yKjm","rect":[601,788,97,97],"offset":[0,0],"originalSize":[97,97]}},{"__type__":"cc.SpriteFrame","content":{"name":"2-MahjongBump_1748806521876728","texture":"dbCpbq9wVNj6t68ed1qILq","rect":[0,0,120,120],"offset":[0,0],"originalSize":[120,120]}},{"__type__":"cc.SpriteFrame","content":{"name":"4-One Draw_206754110108425","texture":"097wpTo8JEWamG2nyydW9g","rect":[0,0,120,120],"offset":[0,0],"originalSize":[120,120]}},{"__type__":"cc.SpriteFrame","content":{"name":"icon_video","texture":"57exrIVuVACoHzCx51yKjm","rect":[941,546,70,47],"offset":[0,0],"originalSize":[70,47],"rotated":1}},{"__type__":"cc.SpriteFrame","content":{"name":"icon_play","texture":"57exrIVuVACoHzCx51yKjm","rect":[847,704,52,59],"offset":[0,0],"originalSize":[52,59]}},{"__type__":"cc.SpriteFrame","content":{"name":"default_sprite_splash","texture":"02delMVqdBD70a/HSD99FK","rect":[0,0,2,2],"offset":[0,0],"originalSize":[2,2]}},{"__type__":"cc.SpriteFrame","content":{"name":"back","texture":"57exrIVuVACoHzCx51yKjm","rect":[401,788,97,99],"offset":[0,0],"originalSize":[97,99],"rotated":1}},{"__type__":"cc.SpriteFrame","content":{"name":"btn_blue","texture":"57exrIVuVACoHzCx51yKjm","rect":[449,558,227,87],"offset":[0,0],"originalSize":[227,87],"rotated":1,"capInsets":[50,0,78,0]}},{"__type__":"cc.SpriteFrame","content":{"name":"popPlayBtn","texture":"57exrIVuVACoHzCx51yKjm","rect":[953,58,99,35],"offset":[0,0],"originalSize":[99,35],"rotated":1}},{"__type__":"cc.SpriteFrame","content":{"name":"3-CashEmpire_2099185553434050","texture":"96hu2ZYjJKhrDJU50awEDX","rect":[0,0,120,120],"offset":[0,0],"originalSize":[120,120]}},{"__type__":"cc.SpriteFrame","content":{"name":"mission_1","texture":"57exrIVuVACoHzCx51yKjm","rect":[375,2,287,143],"offset":[0,0],"originalSize":[287,143],"capInsets":[242,0,40,0]}},{"__type__":"cc.SpriteFrame","content":{"name":"1-Jewel Block_2135310943367133","texture":"44G94hSS1DWp6fm9rE2L5w","rect":[0,0,120,120],"offset":[0,0],"originalSize":[120,120]}},{"__type__":"cc.SpriteFrame","content":{"name":"default_btn_pressed","texture":"b4P/PCArtIdIH38t6mlw8Y","rect":[0,0,40,40],"offset":[0,0],"originalSize":[40,40],"capInsets":[11,11,11,7]}},{"__type__":"cc.SpriteFrame","content":{"name":"lock","texture":"57exrIVuVACoHzCx51yKjm","rect":[901,704,25,31],"offset":[0,0],"originalSize":[25,31]}},{"__type__":"cc.SpriteFrame","content":{"name":"default_btn_normal","texture":"e8Ueib+qJEhL6mXAHdnwbi","rect":[0,0,40,40],"offset":[0,0],"originalSize":[40,40],"capInsets":[8,11,7,9]}},{"__type__":"cc.SpriteFrame","content":{"name":"level_box_1","texture":"57exrIVuVACoHzCx51yKjm","rect":[538,680,103,106],"offset":[0,0],"originalSize":[103,106]}}]