[{"__type__":"cc.SpriteFrame","content":{"name":"fnt","texture":"f46n27F4lLCYdcRNSdCxMG","rect":[2,3,1005,340],"offset":[-7.5,83],"originalSize":[1024,512]}},{"__type__":"cc.BitmapFont","_name":"fnt","spriteFrame":{"__uuid__":"67XnIyHOpCub0vOwvXxHPl"},"fontSize":80,"_fntConfig":{"commonHeight":106,"fontSize":80,"atlasName":"fnt.png","fontDefDictionary":{"32":{"rect":{"x":386,"y":302,"width":0,"height":0},"xOffset":0,"yOffset":88,"xAdvance":24},"33":{"rect":{"x":884,"y":96,"width":19,"height":67},"xOffset":7,"yOffset":22,"xAdvance":28},"34":{"rect":{"x":162,"y":302,"width":32,"height":24},"xOffset":7,"yOffset":22,"xAdvance":42},"35":{"rect":{"x":109,"y":234,"width":53,"height":61},"xOffset":2,"yOffset":22,"xAdvance":51},"36":{"rect":{"x":121,"y":2,"width":44,"height":83},"xOffset":5,"yOffset":14,"xAdvance":49},"37":{"rect":{"x":77,"y":96,"width":71,"height":68},"xOffset":4,"yOffset":21,"xAdvance":74},"38":{"rect":{"x":2,"y":96,"width":73,"height":68},"xOffset":3,"yOffset":21,"xAdvance":73},"39":{"rect":{"x":196,"y":302,"width":15,"height":24},"xOffset":7,"yOffset":22,"xAdvance":25},"40":{"rect":{"x":167,"y":2,"width":28,"height":80},"xOffset":7,"yOffset":22,"xAdvance":31},"41":{"rect":{"x":197,"y":2,"width":28,"height":80},"xOffset":1,"yOffset":22,"xAdvance":31},"42":{"rect":{"x":52,"y":302,"width":38,"height":37},"xOffset":3,"yOffset":22,"xAdvance":39},"43":{"rect":{"x":952,"y":234,"width":45,"height":46},"xOffset":10,"yOffset":38,"xAdvance":61},"44":{"rect":{"x":139,"y":302,"width":21,"height":27},"xOffset":2,"yOffset":72,"xAdvance":23},"45":{"rect":{"x":314,"y":302,"width":28,"height":14},"xOffset":6,"yOffset":55,"xAdvance":35},"46":{"rect":{"x":293,"y":302,"width":19,"height":19},"xOffset":4,"yOffset":70,"xAdvance":23},"47":{"rect":{"x":339,"y":2,"width":45,"height":76},"xOffset":-2,"yOffset":22,"xAdvance":38},"48":{"rect":{"x":328,"y":96,"width":48,"height":68},"xOffset":3,"yOffset":21,"xAdvance":49},"49":{"rect":{"x":759,"y":96,"width":43,"height":67},"xOffset":7,"yOffset":21,"xAdvance":49},"50":{"rect":{"x":713,"y":96,"width":44,"height":67},"xOffset":5,"yOffset":21,"xAdvance":49},"51":{"rect":{"x":572,"y":96,"width":43,"height":68},"xOffset":6,"yOffset":21,"xAdvance":49},"52":{"rect":{"x":725,"y":166,"width":50,"height":66},"xOffset":2,"yOffset":22,"xAdvance":49},"53":{"rect":{"x":804,"y":96,"width":42,"height":67},"xOffset":7,"yOffset":22,"xAdvance":49},"54":{"rect":{"x":378,"y":96,"width":47,"height":68},"xOffset":4,"yOffset":21,"xAdvance":49},"55":{"rect":{"x":878,"y":166,"width":46,"height":66},"xOffset":4,"yOffset":22,"xAdvance":49},"56":{"rect":{"x":427,"y":96,"width":47,"height":68},"xOffset":4,"yOffset":21,"xAdvance":49},"57":{"rect":{"x":476,"y":96,"width":47,"height":68},"xOffset":3,"yOffset":21,"xAdvance":49},"58":{"rect":{"x":583,"y":234,"width":19,"height":50},"xOffset":4,"yOffset":39,"xAdvance":23},"59":{"rect":{"x":164,"y":234,"width":22,"height":60},"xOffset":2,"yOffset":39,"xAdvance":23},"60":{"rect":{"x":781,"y":234,"width":44,"height":49},"xOffset":11,"yOffset":36,"xAdvance":61},"61":{"rect":{"x":92,"y":302,"width":45,"height":32},"xOffset":10,"yOffset":45,"xAdvance":61},"62":{"rect":{"x":827,"y":234,"width":44,"height":49},"xOffset":11,"yOffset":36,"xAdvance":61},"63":{"rect":{"x":617,"y":96,"width":38,"height":68},"xOffset":3,"yOffset":21,"xAdvance":38},"64":{"rect":{"x":432,"y":2,"width":75,"height":75},"xOffset":6,"yOffset":21,"xAdvance":82},"65":{"rect":{"x":77,"y":166,"width":64,"height":66},"xOffset":0,"yOffset":22,"xAdvance":60},"66":{"rect":{"x":777,"y":166,"width":49,"height":66},"xOffset":7,"yOffset":22,"xAdvance":55},"67":{"rect":{"x":275,"y":96,"width":51,"height":68},"xOffset":3,"yOffset":21,"xAdvance":54},"68":{"rect":{"x":268,"y":166,"width":58,"height":66},"xOffset":7,"yOffset":22,"xAdvance":63},"69":{"rect":{"x":926,"y":166,"width":40,"height":66},"xOffset":7,"yOffset":22,"xAdvance":46},"70":{"rect":{"x":2,"y":234,"width":39,"height":66},"xOffset":7,"yOffset":22,"xAdvance":45},"71":{"rect":{"x":216,"y":96,"width":57,"height":68},"xOffset":3,"yOffset":21,"xAdvance":61},"72":{"rect":{"x":388,"y":166,"width":56,"height":66},"xOffset":7,"yOffset":22,"xAdvance":66},"73":{"rect":{"x":43,"y":234,"width":28,"height":66},"xOffset":2,"yOffset":22,"xAdvance":27},"74":{"rect":{"x":848,"y":96,"width":34,"height":67},"xOffset":1,"yOffset":22,"xAdvance":38},"75":{"rect":{"x":504,"y":166,"width":54,"height":66},"xOffset":7,"yOffset":22,"xAdvance":55},"76":{"rect":{"x":968,"y":166,"width":40,"height":66},"xOffset":7,"yOffset":22,"xAdvance":44},"77":{"rect":{"x":2,"y":166,"width":73,"height":66},"xOffset":7,"yOffset":22,"xAdvance":82},"78":{"rect":{"x":328,"y":166,"width":58,"height":66},"xOffset":7,"yOffset":22,"xAdvance":68},"79":{"rect":{"x":150,"y":96,"width":64,"height":68},"xOffset":3,"yOffset":21,"xAdvance":65},"80":{"rect":{"x":828,"y":166,"width":48,"height":66},"xOffset":7,"yOffset":22,"xAdvance":53},"81":{"rect":{"x":51,"y":2,"width":68,"height":85},"xOffset":3,"yOffset":21,"xAdvance":65},"82":{"rect":{"x":560,"y":166,"width":54,"height":66},"xOffset":7,"yOffset":22,"xAdvance":56},"83":{"rect":{"x":525,"y":96,"width":45,"height":68},"xOffset":4,"yOffset":21,"xAdvance":48},"84":{"rect":{"x":671,"y":166,"width":52,"height":66},"xOffset":1,"yOffset":22,"xAdvance":50},"85":{"rect":{"x":657,"y":96,"width":54,"height":67},"xOffset":6,"yOffset":22,"xAdvance":62},"86":{"rect":{"x":143,"y":166,"width":61,"height":66},"xOffset":0,"yOffset":22,"xAdvance":57},"87":{"rect":{"x":905,"y":96,"width":89,"height":66},"xOffset":1,"yOffset":22,"xAdvance":86},"88":{"rect":{"x":206,"y":166,"width":60,"height":66},"xOffset":0,"yOffset":22,"xAdvance":56},"89":{"rect":{"x":446,"y":166,"width":56,"height":66},"xOffset":0,"yOffset":22,"xAdvance":52},"90":{"rect":{"x":616,"y":166,"width":53,"height":66},"xOffset":2,"yOffset":22,"xAdvance":52},"91":{"rect":{"x":287,"y":2,"width":24,"height":80},"xOffset":9,"yOffset":22,"xAdvance":31},"92":{"rect":{"x":386,"y":2,"width":44,"height":76},"xOffset":0,"yOffset":22,"xAdvance":37},"93":{"rect":{"x":313,"y":2,"width":24,"height":80},"xOffset":3,"yOffset":22,"xAdvance":31},"94":{"rect":{"x":2,"y":302,"width":48,"height":41},"xOffset":9,"yOffset":21,"xAdvance":61},"95":{"rect":{"x":344,"y":302,"width":40,"height":11},"xOffset":0,"yOffset":90,"xAdvance":36},"96":{"rect":{"x":264,"y":302,"width":27,"height":19},"xOffset":2,"yOffset":19,"xAdvance":27},"97":{"rect":{"x":288,"y":234,"width":43,"height":51},"xOffset":3,"yOffset":38,"xAdvance":46},"98":{"rect":{"x":509,"y":2,"width":49,"height":70},"xOffset":6,"yOffset":19,"xAdvance":53},"99":{"rect":{"x":333,"y":234,"width":39,"height":51},"xOffset":3,"yOffset":38,"xAdvance":41},"100":{"rect":{"x":560,"y":2,"width":49,"height":70},"xOffset":3,"yOffset":19,"xAdvance":53},"101":{"rect":{"x":241,"y":234,"width":45,"height":51},"xOffset":3,"yOffset":38,"xAdvance":47},"102":{"rect":{"x":764,"y":2,"width":36,"height":70},"xOffset":2,"yOffset":18,"xAdvance":32},"103":{"rect":{"x":611,"y":2,"width":49,"height":70},"xOffset":3,"yOffset":38,"xAdvance":53},"104":{"rect":{"x":904,"y":2,"width":45,"height":69},"xOffset":6,"yOffset":19,"xAdvance":52},"105":{"rect":{"x":951,"y":2,"width":19,"height":69},"xOffset":5,"yOffset":19,"xAdvance":24},"106":{"rect":{"x":19,"y":2,"width":30,"height":89},"xOffset":-6,"yOffset":19,"xAdvance":24},"107":{"rect":{"x":855,"y":2,"width":47,"height":69},"xOffset":6,"yOffset":19,"xAdvance":48},"108":{"rect":{"x":972,"y":2,"width":17,"height":69},"xOffset":6,"yOffset":19,"xAdvance":24},"109":{"rect":{"x":413,"y":234,"width":72,"height":50},"xOffset":6,"yOffset":38,"xAdvance":79},"110":{"rect":{"x":487,"y":234,"width":46,"height":50},"xOffset":6,"yOffset":38,"xAdvance":52},"111":{"rect":{"x":188,"y":234,"width":51,"height":51},"xOffset":3,"yOffset":38,"xAdvance":53},"112":{"rect":{"x":662,"y":2,"width":49,"height":70},"xOffset":6,"yOffset":38,"xAdvance":53},"113":{"rect":{"x":713,"y":2,"width":49,"height":70},"xOffset":3,"yOffset":38,"xAdvance":53},"114":{"rect":{"x":918,"y":234,"width":32,"height":49},"xOffset":6,"yOffset":39,"xAdvance":34},"115":{"rect":{"x":374,"y":234,"width":37,"height":51},"xOffset":5,"yOffset":38,"xAdvance":39},"116":{"rect":{"x":73,"y":234,"width":34,"height":63},"xOffset":2,"yOffset":26,"xAdvance":33},"117":{"rect":{"x":535,"y":234,"width":46,"height":50},"xOffset":5,"yOffset":39,"xAdvance":52},"118":{"rect":{"x":677,"y":234,"width":50,"height":49},"xOffset":0,"yOffset":39,"xAdvance":46},"119":{"rect":{"x":604,"y":234,"width":71,"height":49},"xOffset":1,"yOffset":39,"xAdvance":68},"120":{"rect":{"x":729,"y":234,"width":50,"height":49},"xOffset":0,"yOffset":39,"xAdvance":47},"121":{"rect":{"x":802,"y":2,"width":51,"height":69},"xOffset":0,"yOffset":39,"xAdvance":46},"122":{"rect":{"x":873,"y":234,"width":43,"height":49},"xOffset":1,"yOffset":39,"xAdvance":41},"123":{"rect":{"x":227,"y":2,"width":28,"height":80},"xOffset":4,"yOffset":22,"xAdvance":31},"124":{"rect":{"x":2,"y":2,"width":15,"height":92},"xOffset":9,"yOffset":16,"xAdvance":27},"125":{"rect":{"x":257,"y":2,"width":28,"height":80},"xOffset":3,"yOffset":22,"xAdvance":31},"126":{"rect":{"x":213,"y":302,"width":49,"height":21},"xOffset":8,"yOffset":50,"xAdvance":61}},"kerningDict":{"2162772":-4,"2228298":-4,"2228308":-5,"2228338":-2,"2228339":-2,"2293804":-2,"2293844":1,"2556018":-3,"2556019":-4,"2621546":8,"2752577":-6,"2752586":-5,"2752611":-4,"2752612":-4,"2752613":-4,"2752615":-4,"2752623":-4,"2752625":-4,"3014780":-4,"3080296":-4,"3211338":-4,"3211388":-5,"3407996":-2,"3735625":2,"3932254":-5,"3932284":-4,"3997800":-5,"3997820":-5,"4063296":-5,"4063306":-5,"4063336":-5,"4259882":-5,"4259884":3,"4259899":3,"4259907":-1,"4259911":-1,"4259914":3,"4259919":-1,"4259924":-6,"4259925":-1,"4259926":-5,"4259927":-3,"4259929":-6,"4259930":1,"4259956":-2,"4259958":-2,"4259959":-1,"4259961":-2,"4325460":-2,"4325465":-2,"4390975":1,"4390979":-3,"4390983":-3,"4390991":-1,"4390993":-2,"4456492":-4,"4456494":-4,"4456513":-1,"4456532":-3,"4456536":-3,"4456538":-2,"4522049":1,"4522058":2,"4522068":1,"4522071":2,"4522072":2,"4587564":-6,"4587566":-6,"4587585":-5,"4587594":-2,"4587603":-1,"4587604":1,"4587617":-3,"4587622":1,"4653140":-2,"4653142":-1,"4653177":-1,"4849708":-4,"4849710":-4,"4849729":-2,"4849738":-2,"4849761":-1,"4915244":2,"4915259":2,"4915263":1,"4915267":-3,"4915271":-3,"4915274":3,"4915279":-3,"4915281":-3,"4915288":2,"4915290":2,"4915299":-1,"4915300":-1,"4915301":-1,"4915303":-1,"4915311":-1,"4915313":-1,"4915316":-2,"4915318":-3,"4915319":-2,"4915321":-4,"4980778":-9,"4980799":-4,"4980801":2,"4980803":-2,"4980807":-2,"4980810":3,"4980815":-2,"4980817":-2,"4980820":-6,"4980821":-2,"4980822":-5,"4980823":-3,"4980825":-6,"4980826":2,"4980852":-1,"4980854":-4,"4980855":-3,"4980857":-3,"5177388":-4,"5177390":-3,"5177409":-1,"5177418":-1,"5177428":-3,"5177432":-2,"5177433":-2,"5177434":-2,"5242924":-15,"5242926":-13,"5242945":-5,"5242954":-6,"5242967":2,"5242968":-2,"5242977":-2,"5242979":-3,"5242980":-3,"5242981":-3,"5242983":-3,"5242991":-3,"5242993":-3,"5308460":-3,"5308462":-4,"5308481":-1,"5308500":-3,"5308504":-2,"5308505":-1,"5308506":-2,"5374011":3,"5374019":-1,"5374023":-1,"5374026":2,"5374031":-1,"5374033":-1,"5374036":-2,"5374041":-1,"5374051":-2,"5374052":-2,"5374053":-2,"5374055":-2,"5374063":-2,"5374065":-2,"5439604":-2,"5439606":-2,"5439607":-1,"5439609":-2,"5505068":-6,"5505070":-8,"5505082":-1,"5505083":-1,"5505089":-6,"5505091":-3,"5505095":-3,"5505098":-6,"5505103":-3,"5505105":-3,"5505108":2,"5505110":2,"5505111":2,"5505113":2,"5505121":-8,"5505123":-8,"5505124":-8,"5505125":-8,"5505126":-4,"5505127":-8,"5505133":-6,"5505134":-6,"5505135":-8,"5505136":-6,"5505137":-8,"5505138":-7,"5505139":-6,"5505141":-6,"5505142":-4,"5505143":-4,"5505144":-6,"5505145":-4,"5505146":-4,"5570625":-2,"5570634":-1,"5636140":-9,"5636142":-9,"5636154":-1,"5636155":-1,"5636159":1,"5636161":-5,"5636163":-2,"5636167":-2,"5636170":-5,"5636177":-1,"5636179":-1,"5636180":2,"5636193":-6,"5636195":-6,"5636196":-6,"5636197":-6,"5636199":-5,"5636205":-3,"5636206":-3,"5636207":-6,"5636208":-3,"5636209":-6,"5636210":-3,"5636211":-3,"5636213":-2,"5701676":-5,"5701678":-5,"5701690":-1,"5701691":-1,"5701697":-3,"5701716":1,"5701729":-3,"5701731":-2,"5701732":-2,"5701733":-2,"5701735":-2,"5701743":-2,"5701745":-2,"5767212":3,"5767214":2,"5767227":3,"5767235":-1,"5767239":-1,"5767242":3,"5767247":-1,"5767249":-1,"5767252":2,"5832748":-9,"5832750":-9,"5832769":-6,"5832771":-2,"5832775":-2,"5832778":-5,"5832783":-2,"5832785":-2,"5832787":-1,"5832788":2,"5832801":-8,"5832803":-8,"5832804":-8,"5832805":-8,"5832806":-1,"5832807":-8,"5832813":-6,"5832814":-6,"5832815":-8,"5832816":-6,"5832817":-8,"5832818":-6,"5832819":-5,"5832821":-6,"5898314":2,"5898324":2,"5898361":-2,"5963882":8,"6422625":-1,"6422648":-2,"6488138":3,"6488148":-4,"6488153":-3,"6619170":-4,"6619175":-6,"6684713":4,"6684714":2,"6684716":-4,"6684717":-4,"6684718":-4,"6684730":3,"6684731":3,"6684735":3,"6684765":4,"6684770":1,"6684776":1,"6684788":2,"6684790":2,"6684791":2,"6684792":1,"6684793":2,"6684797":3,"6750314":1,"6946922":1,"7012396":3,"7012397":-5,"7012398":3,"7012410":3,"7012411":3,"7012451":-1,"7012452":-1,"7012453":-1,"7012455":-1,"7012463":-1,"7012465":-1,"7012474":1,"7143517":-4,"7208994":-4,"7208999":-5,"7274530":-5,"7274535":-7,"7274593":-1,"7274598":-1,"7274616":-2,"7340129":-1,"7340134":-1,"7340152":-2,"7405674":4,"7471138":-2,"7471139":-2,"7471148":-7,"7471149":-4,"7471150":-7,"7471162":3,"7471163":3,"7471206":2,"7471217":-1,"7471220":2,"7471222":3,"7471223":3,"7471224":2,"7471225":3,"7471226":2,"7602221":-4,"7602239":-3,"7602296":1,"7667746":-2,"7667751":-3,"7733292":-5,"7733294":-5,"7733345":-1,"7733347":-1,"7733348":-1,"7733349":-1,"7733351":-1,"7733359":-1,"7733361":-1,"7798828":-3,"7798830":-4,"7864419":-1,"7864420":-1,"7864421":-1,"7864423":-1,"7864431":-1,"7864433":-1,"7929890":1,"7929895":2,"7929900":-5,"7929902":-5,"7929955":-1,"7929956":-1,"7929957":-1,"7929958":1,"7929959":-1,"7929967":-1,"7929969":-1,"8061034":7}}}]